full_fips,state_fips,county_fips,county,state
01001,01,001,Autauga,AL
01003,01,003,Baldwin,AL
01005,01,005,Barbour,AL
01007,01,007,Bibb,AL
01009,01,009,Blount,AL
01011,01,011,Bullock,AL
01013,01,013,Butler,AL
01015,01,015,Calhoun,AL
01017,01,017,Chambers,AL
01019,01,019,Cherokee,AL
01021,01,021,Chilton,AL
01023,01,023,Choctaw,AL
01025,01,025,Clarke,AL
01027,01,027,Clay,AL
01029,01,029,Cleburne,AL
01031,01,031,Coffee,AL
01033,01,033,Colbert,AL
01035,01,035,Conecuh,AL
01037,01,037,Coosa,AL
01039,01,039,Covington,AL
01041,01,041,Crenshaw,AL
01043,01,043,Cullman,AL
01045,01,045,Dale,AL
01047,01,047,Dallas,AL
01049,01,049,De Kalb,AL
01051,01,051,Elmore,AL
01053,01,053,Escambia,AL
01055,01,055,Etowah,AL
01057,01,057,Fayette,AL
01059,01,059,Franklin,AL
01061,01,061,Geneva,AL
01063,01,063,Greene,AL
01065,01,065,Hale,AL
01067,01,067,Henry,AL
01069,01,069,Houston,AL
01071,01,071,Jackson,AL
01073,01,073,Jefferson,AL
01075,01,075,Lamar,AL
01077,01,077,Lauderdale,AL
01079,01,079,Lawrence,AL
01081,01,081,Lee,AL
01083,01,083,Limestone,AL
01085,01,085,Lowndes,AL
01087,01,087,Macon,AL
01089,01,089,Madison,AL
01091,01,091,Marengo,AL
01093,01,093,Marion,AL
01095,01,095,Marshall,AL
01097,01,097,Mobile,AL
01099,01,099,Monroe,AL
01101,01,101,Montgomery,AL
01103,01,103,Morgan,AL
01105,01,105,Perry,AL
01107,01,107,Pickens,AL
01109,01,109,Pike,AL
01111,01,111,Randolph,AL
01113,01,113,Russell,AL
01115,01,115,St Clair,AL
01117,01,117,Shelby,AL
01119,01,119,Sumter,AL
01121,01,121,Talladega,AL
01123,01,123,Tallapoosa,AL
01125,01,125,Tuscaloosa,AL
01127,01,127,Walker,AL
01129,01,129,Washington,AL
01131,01,131,Wilcox,AL
01133,01,133,Winston,AL
02013,02,013,Aleutians East,AK
02016,02,016,Aleutians West,AK
02020,02,020,Anchorage,AK
02050,02,050,Bethel,AK
02060,02,060,Bristol Bay,AK
02068,02,068,Denali,AK
02070,02,070,Dillingham,AK
02090,02,090,Fairbanks North Star,AK
02100,02,100,Haines,AK
02110,02,110,Juneau,AK
02122,02,122,Kenai Peninsula,AK
02130,02,130,Ketchikan Gateway,AK
02150,02,150,Kodiak Island,AK
02164,02,164,Lake and Peninsula,AK
02170,02,170,Matanuska-Susitna,AK
02180,02,180,Nome,AK
02185,02,185,North Slope,AK
02188,02,188,Northwest Arctic,AK
02201,02,201,Prince of Wales-Outer Ketchikan,AK
02220,02,220,Sitka,AK
02232,02,232,Skagway-Hoonah-Angoon,AK
02240,02,240,Southeast Fairbanks,AK
02261,02,261,Valdez-Cordova,AK
02270,02,270,Wade Hampton,AK
02280,02,280,Wrangell-Petersburg,AK
02282,02,282,Yakutat,AK
02290,02,290,Yukon-Koyukuk,AK
04001,04,001,Apache,AZ
04003,04,003,Cochise,AZ
04005,04,005,Coconino,AZ
04007,04,007,Gila,AZ
04009,04,009,Graham,AZ
04011,04,011,Greenlee,AZ
04012,04,012,La Paz,AZ
04013,04,013,Maricopa,AZ
04015,04,015,Mohave,AZ
04017,04,017,Navajo,AZ
04019,04,019,Pima,AZ
04021,04,021,Pinal,AZ
04023,04,023,Santa Cruz,AZ
04025,04,025,Yavapai,AZ
04027,04,027,Yuma,AZ
05001,05,001,Arkansas,AR
05003,05,003,Ashley,AR
05005,05,005,Baxter,AR
05007,05,007,Benton,AR
05009,05,009,Boone,AR
05011,05,011,Bradley,AR
05013,05,013,Calhoun,AR
05015,05,015,Carroll,AR
05017,05,017,Chicot,AR
05019,05,019,Clark,AR
05021,05,021,Clay,AR
05023,05,023,Cleburne,AR
05025,05,025,Cleveland,AR
05027,05,027,Columbia,AR
05029,05,029,Conway,AR
05031,05,031,Craighead,AR
05033,05,033,Crawford,AR
05035,05,035,Crittenden,AR
05037,05,037,Cross,AR
05039,05,039,Dallas,AR
05041,05,041,Desha,AR
05043,05,043,Drew,AR
05045,05,045,Faulkner,AR
05047,05,047,Franklin,AR
05049,05,049,Fulton,AR
05051,05,051,Garland,AR
05053,05,053,Grant,AR
05055,05,055,Greene,AR
05057,05,057,Hempstead,AR
05059,05,059,Hot Spring,AR
05061,05,061,Howard,AR
05063,05,063,Independence,AR
05065,05,065,Izard,AR
05067,05,067,Jackson,AR
05069,05,069,Jefferson,AR
05071,05,071,Johnson,AR
05073,05,073,Lafayette,AR
05075,05,075,Lawrence,AR
05077,05,077,Lee,AR
05079,05,079,Lincoln,AR
05081,05,081,Little River,AR
05083,05,083,Logan,AR
05085,05,085,Lonoke,AR
05087,05,087,Madison,AR
05089,05,089,Marion,AR
05091,05,091,Miller,AR
05093,05,093,Mississippi,AR
05095,05,095,Monroe,AR
05097,05,097,Montgomery,AR
05099,05,099,Nevada,AR
05101,05,101,Newton,AR
05103,05,103,Ouachita,AR
05105,05,105,Perry,AR
05107,05,107,Phillips,AR
05109,05,109,Pike,AR
05111,05,111,Poinsett,AR
05113,05,113,Polk,AR
05115,05,115,Pope,AR
05117,05,117,Prairie,AR
05119,05,119,Pulaski,AR
05121,05,121,Randolph,AR
05123,05,123,St Francis,AR
05125,05,125,Saline,AR
05127,05,127,Scott,AR
05129,05,129,Searcy,AR
05131,05,131,Sebastian,AR
05133,05,133,Sevier,AR
05135,05,135,Sharp,AR
05137,05,137,Stone,AR
05139,05,139,Union,AR
05141,05,141,Van Buren,AR
05143,05,143,Washington,AR
05145,05,145,White,AR
05147,05,147,Woodruff,AR
05149,05,149,Yell,AR
06001,06,001,Alameda,CA
06003,06,003,Alpine,CA
06005,06,005,Amador,CA
06007,06,007,Butte,CA
06009,06,009,Calaveras,CA
06011,06,011,Colusa,CA
06013,06,013,Contra Costa,CA
06015,06,015,Del Norte,CA
06017,06,017,El Dorado,CA
06019,06,019,Fresno,CA
06021,06,021,Glenn,CA
06023,06,023,Humboldt,CA
06025,06,025,Imperial,CA
06027,06,027,Inyo,CA
06029,06,029,Kern,CA
06031,06,031,Kings,CA
06033,06,033,Lake,CA
06035,06,035,Lassen,CA
06037,06,037,Los Angeles,CA
06039,06,039,Madera,CA
06041,06,041,Marin,CA
06043,06,043,Mariposa,CA
06045,06,045,Mendocino,CA
06047,06,047,Merced,CA
06049,06,049,Modoc,CA
06051,06,051,Mono,CA
06053,06,053,Monterey,CA
06055,06,055,Napa,CA
06057,06,057,Nevada,CA
06059,06,059,Orange,CA
06061,06,061,Placer,CA
06063,06,063,Plumas,CA
06065,06,065,Riverside,CA
06067,06,067,Sacramento,CA
06069,06,069,San Benito,CA
06071,06,071,San Bernardino,CA
06073,06,073,San Diego,CA
06075,06,075,San Francisco,CA
06077,06,077,San Joaquin,CA
06079,06,079,San Luis Obispo,CA
06081,06,081,San Mateo,CA
06083,06,083,Santa Barbara,CA
06085,06,085,Santa Clara,CA
06087,06,087,Santa Cruz,CA
06089,06,089,Shasta,CA
06091,06,091,Sierra,CA
06093,06,093,Siskiyou,CA
06095,06,095,Solano,CA
06097,06,097,Sonoma,CA
06099,06,099,Stanislaus,CA
06101,06,101,Sutter,CA
06103,06,103,Tehama,CA
06105,06,105,Trinity,CA
06107,06,107,Tulare,CA
06109,06,109,Tuolumne,CA
06111,06,111,Ventura,CA
06113,06,113,Yolo,CA
06115,06,115,Yuba,CA
08001,08,001,Adams,CO
08003,08,003,Alamosa,CO
08005,08,005,Arapahoe,CO
08007,08,007,Archuleta,CO
08009,08,009,Baca,CO
08011,08,011,Bent,CO
08013,08,013,Boulder,CO
08015,08,015,Chaffee,CO
08017,08,017,Cheyenne,CO
08019,08,019,Clear Creek,CO
08021,08,021,Conejos,CO
08023,08,023,Costilla,CO
08025,08,025,Crowley,CO
08027,08,027,Custer,CO
08029,08,029,Delta,CO
08031,08,031,Denver,CO
08033,08,033,Dolores,CO
08035,08,035,Douglas,CO
08037,08,037,Eagle,CO
08039,08,039,Elbert,CO
08041,08,041,El Paso,CO
08043,08,043,Fremont,CO
08045,08,045,Garfield,CO
08047,08,047,Gilpin,CO
08049,08,049,Grand,CO
08051,08,051,Gunnison,CO
08053,08,053,Hinsdale,CO
08055,08,055,Huerfano,CO
08057,08,057,Jackson,CO
08059,08,059,Jefferson,CO
08061,08,061,Kiowa,CO
08063,08,063,Kit Carson,CO
08065,08,065,Lake,CO
08067,08,067,La Plata,CO
08069,08,069,Larimer,CO
08071,08,071,Las Animas,CO
08073,08,073,Lincoln,CO
08075,08,075,Logan,CO
08077,08,077,Mesa,CO
08079,08,079,Mineral,CO
08081,08,081,Moffat,CO
08083,08,083,Montezuma,CO
08085,08,085,Montrose,CO
08087,08,087,Morgan,CO
08089,08,089,Otero,CO
08091,08,091,Ouray,CO
08093,08,093,Park,CO
08095,08,095,Phillips,CO
08097,08,097,Pitkin,CO
08099,08,099,Prowers,CO
08101,08,101,Pueblo,CO
08103,08,103,Rio Blanco,CO
08105,08,105,Rio Grande,CO
08107,08,107,Routt,CO
08109,08,109,Saguache,CO
08111,08,111,San Juan,CO
08113,08,113,San Miguel,CO
08115,08,115,Sedgwick,CO
08117,08,117,Summit,CO
08119,08,119,Teller,CO
08121,08,121,Washington,CO
08123,08,123,Weld,CO
08125,08,125,Yuma,CO
09001,09,001,Fairfield,CT
09003,09,003,Hartford,CT
09005,09,005,Litchfield,CT
09007,09,007,Middlesex,CT
09009,09,009,New Haven,CT
09011,09,011,New London,CT
09013,09,013,Tolland,CT
09015,09,015,Windham,CT
10001,10,001,Kent,DE
10003,10,003,New Castle,DE
10005,10,005,Sussex,DE
11001,11,001,Washington,DC
12001,12,001,Alachua,FL
12003,12,003,Baker,FL
12005,12,005,Bay,FL
12007,12,007,Bradford,FL
12009,12,009,Brevard,FL
12011,12,011,Broward,FL
12013,12,013,Calhoun,FL
12015,12,015,Charlotte,FL
12017,12,017,Citrus,FL
12019,12,019,Clay,FL
12021,12,021,Collier,FL
12023,12,023,Columbia,FL
12027,12,027,De Soto,FL
12029,12,029,Dixie,FL
12031,12,031,Duval,FL
12033,12,033,Escambia,FL
12035,12,035,Flagler,FL
12037,12,037,Franklin,FL
12039,12,039,Gadsden,FL
12041,12,041,Gilchrist,FL
12043,12,043,Glades,FL
12045,12,045,Gulf,FL
12047,12,047,Hamilton,FL
12049,12,049,Hardee,FL
12051,12,051,Hendry,FL
12053,12,053,Hernando,FL
12055,12,055,Highlands,FL
12057,12,057,Hillsborough,FL
12059,12,059,Holmes,FL
12061,12,061,Indian River,FL
12063,12,063,Jackson,FL
12065,12,065,Jefferson,FL
12067,12,067,Lafayette,FL
12069,12,069,Lake,FL
12071,12,071,Lee,FL
12073,12,073,Leon,FL
12075,12,075,Levy,FL
12077,12,077,Liberty,FL
12079,12,079,Madison,FL
12081,12,081,Manatee,FL
12083,12,083,Marion,FL
12085,12,085,Martin,FL
12086,12,086,Miami-Dade,FL
12087,12,087,Monroe,FL
12089,12,089,Nassau,FL
12091,12,091,Okaloosa,FL
12093,12,093,Okeechobee,FL
12095,12,095,Orange,FL
12097,12,097,Osceola,FL
12099,12,099,Palm Beach,FL
12101,12,101,Pasco,FL
12103,12,103,Pinellas,FL
12105,12,105,Polk,FL
12107,12,107,Putnam,FL
12109,12,109,St Johns,FL
12111,12,111,St Lucie,FL
12113,12,113,Santa Rosa,FL
12115,12,115,Sarasota,FL
12117,12,117,Seminole,FL
12119,12,119,Sumter,FL
12121,12,121,Suwannee,FL
12123,12,123,Taylor,FL
12125,12,125,Union,FL
12127,12,127,Volusia,FL
12129,12,129,Wakulla,FL
12131,12,131,Walton,FL
12133,12,133,Washington,FL
13001,13,001,Appling,GA
13003,13,003,Atkinson,GA
13005,13,005,Bacon,GA
13007,13,007,Baker,GA
13009,13,009,Baldwin,GA
13011,13,011,Banks,GA
13013,13,013,Barrow,GA
13015,13,015,Bartow,GA
13017,13,017,Ben Hill,GA
13019,13,019,Berrien,GA
13021,13,021,Bibb,GA
13023,13,023,Bleckley,GA
13025,13,025,Brantley,GA
13027,13,027,Brooks,GA
13029,13,029,Bryan,GA
13031,13,031,Bulloch,GA
13033,13,033,Burke,GA
13035,13,035,Butts,GA
13037,13,037,Calhoun,GA
13039,13,039,Camden,GA
13043,13,043,Candler,GA
13045,13,045,Carroll,GA
13047,13,047,Catoosa,GA
13049,13,049,Charlton,GA
13051,13,051,Chatham,GA
13053,13,053,Chattahoochee,GA
13055,13,055,Chattooga,GA
13057,13,057,Cherokee,GA
13059,13,059,Clarke,GA
13061,13,061,Clay,GA
13063,13,063,Clayton,GA
13065,13,065,Clinch,GA
13067,13,067,Cobb,GA
13069,13,069,Coffee,GA
13071,13,071,Colquitt,GA
13073,13,073,Columbia,GA
13075,13,075,Cook,GA
13077,13,077,Coweta,GA
13079,13,079,Crawford,GA
13081,13,081,Crisp,GA
13083,13,083,Dade,GA
13085,13,085,Dawson,GA
13087,13,087,Decatur,GA
13089,13,089,De Kalb,GA
13091,13,091,Dodge,GA
13093,13,093,Dooly,GA
13095,13,095,Dougherty,GA
13097,13,097,Douglas,GA
13099,13,099,Early,GA
13101,13,101,Echols,GA
13103,13,103,Effingham,GA
13105,13,105,Elbert,GA
13107,13,107,Emanuel,GA
13109,13,109,Evans,GA
13111,13,111,Fannin,GA
13113,13,113,Fayette,GA
13115,13,115,Floyd,GA
13117,13,117,Forsyth,GA
13119,13,119,Franklin,GA
13121,13,121,Fulton,GA
13123,13,123,Gilmer,GA
13125,13,125,Glascock,GA
13127,13,127,Glynn,GA
13129,13,129,Gordon,GA
13131,13,131,Grady,GA
13133,13,133,Greene,GA
13135,13,135,Gwinnett,GA
13137,13,137,Habersham,GA
13139,13,139,Hall,GA
13141,13,141,Hancock,GA
13143,13,143,Haralson,GA
13145,13,145,Harris,GA
13147,13,147,Hart,GA
13149,13,149,Heard,GA
13151,13,151,Henry,GA
13153,13,153,Houston,GA
13155,13,155,Irwin,GA
13157,13,157,Jackson,GA
13159,13,159,Jasper,GA
13161,13,161,Jeff Davis,GA
13163,13,163,Jefferson,GA
13165,13,165,Jenkins,GA
13167,13,167,Johnson,GA
13169,13,169,Jones,GA
13171,13,171,Lamar,GA
13173,13,173,Lanier,GA
13175,13,175,Laurens,GA
13177,13,177,Lee,GA
13179,13,179,Liberty,GA
13181,13,181,Lincoln,GA
13183,13,183,Long,GA
13185,13,185,Lowndes,GA
13187,13,187,Lumpkin,GA
13189,13,189,McDuffie,GA
13191,13,191,McIntosh,GA
13193,13,193,Macon,GA
13195,13,195,Madison,GA
13197,13,197,Marion,GA
13199,13,199,Meriwether,GA
13201,13,201,Miller,GA
13205,13,205,Mitchell,GA
13207,13,207,Monroe,GA
13209,13,209,Montgomery,GA
13211,13,211,Morgan,GA
13213,13,213,Murray,GA
13215,13,215,Muscogee,GA
13217,13,217,Newton,GA
13219,13,219,Oconee,GA
13221,13,221,Oglethorpe,GA
13223,13,223,Paulding,GA
13225,13,225,Peach,GA
13227,13,227,Pickens,GA
13229,13,229,Pierce,GA
13231,13,231,Pike,GA
13233,13,233,Polk,GA
13235,13,235,Pulaski,GA
13237,13,237,Putnam,GA
13239,13,239,Quitman,GA
13241,13,241,Rabun,GA
13243,13,243,Randolph,GA
13245,13,245,Richmond,GA
13247,13,247,Rockdale,GA
13249,13,249,Schley,GA
13251,13,251,Screven,GA
13253,13,253,Seminole,GA
13255,13,255,Spalding,GA
13257,13,257,Stephens,GA
13259,13,259,Stewart,GA
13261,13,261,Sumter,GA
13263,13,263,Talbot,GA
13265,13,265,Taliaferro,GA
13267,13,267,Tattnall,GA
13269,13,269,Taylor,GA
13271,13,271,Telfair,GA
13273,13,273,Terrell,GA
13275,13,275,Thomas,GA
13277,13,277,Tift,GA
13279,13,279,Toombs,GA
13281,13,281,Towns,GA
13283,13,283,Treutlen,GA
13285,13,285,Troup,GA
13287,13,287,Turner,GA
13289,13,289,Twiggs,GA
13291,13,291,Union,GA
13293,13,293,Upson,GA
13295,13,295,Walker,GA
13297,13,297,Walton,GA
13299,13,299,Ware,GA
13301,13,301,Warren,GA
13303,13,303,Washington,GA
13305,13,305,Wayne,GA
13307,13,307,Webster,GA
13309,13,309,Wheeler,GA
13311,13,311,White,GA
13313,13,313,Whitfield,GA
13315,13,315,Wilcox,GA
13317,13,317,Wilkes,GA
13319,13,319,Wilkinson,GA
13321,13,321,Worth,GA
15001,15,001,Hawaii,HI
15003,15,003,Honolulu,HI
15007,15,007,Kauai,HI
15009,15,009,Maui,HI
16001,16,001,Ada,ID
16003,16,003,Adams,ID
16005,16,005,Bannock,ID
16007,16,007,Bear Lake,ID
16009,16,009,Benewah,ID
16011,16,011,Bingham,ID
16013,16,013,Blaine,ID
16015,16,015,Boise,ID
16017,16,017,Bonner,ID
16019,16,019,Bonneville,ID
16021,16,021,Boundary,ID
16023,16,023,Butte,ID
16025,16,025,Camas,ID
16027,16,027,Canyon,ID
16029,16,029,Caribou,ID
16031,16,031,Cassia,ID
16033,16,033,Clark,ID
16035,16,035,Clearwater,ID
16037,16,037,Custer,ID
16039,16,039,Elmore,ID
16041,16,041,Franklin,ID
16043,16,043,Fremont,ID
16045,16,045,Gem,ID
16047,16,047,Gooding,ID
16049,16,049,Idaho,ID
16051,16,051,Jefferson,ID
16053,16,053,Jerome,ID
16055,16,055,Kootenai,ID
16057,16,057,Latah,ID
16059,16,059,Lemhi,ID
16061,16,061,Lewis,ID
16063,16,063,Lincoln,ID
16065,16,065,Madison,ID
16067,16,067,Minidoka,ID
16069,16,069,Nez Perce,ID
16071,16,071,Oneida,ID
16073,16,073,Owyhee,ID
16075,16,075,Payette,ID
16077,16,077,Power,ID
16079,16,079,Shoshone,ID
16081,16,081,Teton,ID
16083,16,083,Twin Falls,ID
16085,16,085,Valley,ID
16087,16,087,Washington,ID
17001,17,001,Adams,IL
17003,17,003,Alexander,IL
17005,17,005,Bond,IL
17007,17,007,Boone,IL
17009,17,009,Brown,IL
17011,17,011,Bureau,IL
17013,17,013,Calhoun,IL
17015,17,015,Carroll,IL
17017,17,017,Cass,IL
17019,17,019,Champaign,IL
17021,17,021,Christian,IL
17023,17,023,Clark,IL
17025,17,025,Clay,IL
17027,17,027,Clinton,IL
17029,17,029,Coles,IL
17031,17,031,Cook,IL
17033,17,033,Crawford,IL
17035,17,035,Cumberland,IL
17037,17,037,De Kalb,IL
17039,17,039,De Witt,IL
17041,17,041,Douglas,IL
17043,17,043,Du Page,IL
17045,17,045,Edgar,IL
17047,17,047,Edwards,IL
17049,17,049,Effingham,IL
17051,17,051,Fayette,IL
17053,17,053,Ford,IL
17055,17,055,Franklin,IL
17057,17,057,Fulton,IL
17059,17,059,Gallatin,IL
17061,17,061,Greene,IL
17063,17,063,Grundy,IL
17065,17,065,Hamilton,IL
17067,17,067,Hancock,IL
17069,17,069,Hardin,IL
17071,17,071,Henderson,IL
17073,17,073,Henry,IL
17075,17,075,Iroquois,IL
17077,17,077,Jackson,IL
17079,17,079,Jasper,IL
17081,17,081,Jefferson,IL
17083,17,083,Jersey,IL
17085,17,085,Jo Daviess,IL
17087,17,087,Johnson,IL
17089,17,089,Kane,IL
17091,17,091,Kankakee,IL
17093,17,093,Kendall,IL
17095,17,095,Knox,IL
17097,17,097,Lake,IL
17099,17,099,La Salle,IL
17101,17,101,Lawrence,IL
17103,17,103,Lee,IL
17105,17,105,Livingston,IL
17107,17,107,Logan,IL
17109,17,109,McDonough,IL
17111,17,111,McHenry,IL
17113,17,113,McLean,IL
17115,17,115,Macon,IL
17117,17,117,Macoupin,IL
17119,17,119,Madison,IL
17121,17,121,Marion,IL
17123,17,123,Marshall,IL
17125,17,125,Mason,IL
17127,17,127,Massac,IL
17129,17,129,Menard,IL
17131,17,131,Mercer,IL
17133,17,133,Monroe,IL
17135,17,135,Montgomery,IL
17137,17,137,Morgan,IL
17139,17,139,Moultrie,IL
17141,17,141,Ogle,IL
17143,17,143,Peoria,IL
17145,17,145,Perry,IL
17147,17,147,Piatt,IL
17149,17,149,Pike,IL
17151,17,151,Pope,IL
17153,17,153,Pulaski,IL
17155,17,155,Putnam,IL
17157,17,157,Randolph,IL
17159,17,159,Richland,IL
17161,17,161,Rock Island,IL
17163,17,163,St Clair,IL
17165,17,165,Saline,IL
17167,17,167,Sangamon,IL
17169,17,169,Schuyler,IL
17171,17,171,Scott,IL
17173,17,173,Shelby,IL
17175,17,175,Stark,IL
17177,17,177,Stephenson,IL
17179,17,179,Tazewell,IL
17181,17,181,Union,IL
17183,17,183,Vermilion,IL
17185,17,185,Wabash,IL
17187,17,187,Warren,IL
17189,17,189,Washington,IL
17191,17,191,Wayne,IL
17193,17,193,White,IL
17195,17,195,Whiteside,IL
17197,17,197,Will,IL
17199,17,199,Williamson,IL
17201,17,201,Winnebago,IL
17203,17,203,Woodford,IL
18001,18,001,Adams,IN
18003,18,003,Allen,IN
18005,18,005,Bartholomew,IN
18007,18,007,Benton,IN
18009,18,009,Blackford,IN
18011,18,011,Boone,IN
18013,18,013,Brown,IN
18015,18,015,Carroll,IN
18017,18,017,Cass,IN
18019,18,019,Clark,IN
18021,18,021,Clay,IN
18023,18,023,Clinton,IN
18025,18,025,Crawford,IN
18027,18,027,Daviess,IN
18029,18,029,Dearborn,IN
18031,18,031,Decatur,IN
18033,18,033,De Kalb,IN
18035,18,035,Delaware,IN
18037,18,037,Dubois,IN
18039,18,039,Elkhart,IN
18041,18,041,Fayette,IN
18043,18,043,Floyd,IN
18045,18,045,Fountain,IN
18047,18,047,Franklin,IN
18049,18,049,Fulton,IN
18051,18,051,Gibson,IN
18053,18,053,Grant,IN
18055,18,055,Greene,IN
18057,18,057,Hamilton,IN
18059,18,059,Hancock,IN
18061,18,061,Harrison,IN
18063,18,063,Hendricks,IN
18065,18,065,Henry,IN
18067,18,067,Howard,IN
18069,18,069,Huntington,IN
18071,18,071,Jackson,IN
18073,18,073,Jasper,IN
18075,18,075,Jay,IN
18077,18,077,Jefferson,IN
18079,18,079,Jennings,IN
18081,18,081,Johnson,IN
18083,18,083,Knox,IN
18085,18,085,Kosciusko,IN
18087,18,087,La Grange,IN
18089,18,089,Lake,IN
18091,18,091,La Porte,IN
18093,18,093,Lawrence,IN
18095,18,095,Madison,IN
18097,18,097,Marion,IN
18099,18,099,Marshall,IN
18101,18,101,Martin,IN
18103,18,103,Miami,IN
18105,18,105,Monroe,IN
18107,18,107,Montgomery,IN
18109,18,109,Morgan,IN
18111,18,111,Newton,IN
18113,18,113,Noble,IN
18115,18,115,Ohio,IN
18117,18,117,Orange,IN
18119,18,119,Owen,IN
18121,18,121,Parke,IN
18123,18,123,Perry,IN
18125,18,125,Pike,IN
18127,18,127,Porter,IN
18129,18,129,Posey,IN
18131,18,131,Pulaski,IN
18133,18,133,Putnam,IN
18135,18,135,Randolph,IN
18137,18,137,Ripley,IN
18139,18,139,Rush,IN
18141,18,141,St Joseph,IN
18143,18,143,Scott,IN
18145,18,145,Shelby,IN
18147,18,147,Spencer,IN
18149,18,149,Starke,IN
18151,18,151,Steuben,IN
18153,18,153,Sullivan,IN
18155,18,155,Switzerland,IN
18157,18,157,Tippecanoe,IN
18159,18,159,Tipton,IN
18161,18,161,Union,IN
18163,18,163,Vanderburgh,IN
18165,18,165,Vermillion,IN
18167,18,167,Vigo,IN
18169,18,169,Wabash,IN
18171,18,171,Warren,IN
18173,18,173,Warrick,IN
18175,18,175,Washington,IN
18177,18,177,Wayne,IN
18179,18,179,Wells,IN
18181,18,181,White,IN
18183,18,183,Whitley,IN
19001,19,001,Adair,IA
19003,19,003,Adams,IA
19005,19,005,Allamakee,IA
19007,19,007,Appanoose,IA
19009,19,009,Audubon,IA
19011,19,011,Benton,IA
19013,19,013,Black Hawk,IA
19015,19,015,Boone,IA
19017,19,017,Bremer,IA
19019,19,019,Buchanan,IA
19021,19,021,Buena Vista,IA
19023,19,023,Butler,IA
19025,19,025,Calhoun,IA
19027,19,027,Carroll,IA
19029,19,029,Cass,IA
19031,19,031,Cedar,IA
19033,19,033,Cerro Gordo,IA
19035,19,035,Cherokee,IA
19037,19,037,Chickasaw,IA
19039,19,039,Clarke,IA
19041,19,041,Clay,IA
19043,19,043,Clayton,IA
19045,19,045,Clinton,IA
19047,19,047,Crawford,IA
19049,19,049,Dallas,IA
19051,19,051,Davis,IA
19053,19,053,Decatur,IA
19055,19,055,Delaware,IA
19057,19,057,Des Moines,IA
19059,19,059,Dickinson,IA
19061,19,061,Dubuque,IA
19063,19,063,Emmet,IA
19065,19,065,Fayette,IA
19067,19,067,Floyd,IA
19069,19,069,Franklin,IA
19071,19,071,Fremont,IA
19073,19,073,Greene,IA
19075,19,075,Grundy,IA
19077,19,077,Guthrie,IA
19079,19,079,Hamilton,IA
19081,19,081,Hancock,IA
19083,19,083,Hardin,IA
19085,19,085,Harrison,IA
19087,19,087,Henry,IA
19089,19,089,Howard,IA
19091,19,091,Humboldt,IA
19093,19,093,Ida,IA
19095,19,095,Iowa,IA
19097,19,097,Jackson,IA
19099,19,099,Jasper,IA
19101,19,101,Jefferson,IA
19103,19,103,Johnson,IA
19105,19,105,Jones,IA
19107,19,107,Keokuk,IA
19109,19,109,Kossuth,IA
19111,19,111,Lee,IA
19113,19,113,Linn,IA
19115,19,115,Louisa,IA
19117,19,117,Lucas,IA
19119,19,119,Lyon,IA
19121,19,121,Madison,IA
19123,19,123,Mahaska,IA
19125,19,125,Marion,IA
19127,19,127,Marshall,IA
19129,19,129,Mills,IA
19131,19,131,Mitchell,IA
19133,19,133,Monona,IA
19135,19,135,Monroe,IA
19137,19,137,Montgomery,IA
19139,19,139,Muscatine,IA
19141,19,141,O Brien,IA
19143,19,143,Osceola,IA
19145,19,145,Page,IA
19147,19,147,Palo Alto,IA
19149,19,149,Plymouth,IA
19151,19,151,Pocahontas,IA
19153,19,153,Polk,IA
19155,19,155,Pottawattamie,IA
19157,19,157,Poweshiek,IA
19159,19,159,Ringgold,IA
19161,19,161,Sac,IA
19163,19,163,Scott,IA
19165,19,165,Shelby,IA
19167,19,167,Sioux,IA
19169,19,169,Story,IA
19171,19,171,Tama,IA
19173,19,173,Taylor,IA
19175,19,175,Union,IA
19177,19,177,Van Buren,IA
19179,19,179,Wapello,IA
19181,19,181,Warren,IA
19183,19,183,Washington,IA
19185,19,185,Wayne,IA
19187,19,187,Webster,IA
19189,19,189,Winnebago,IA
19191,19,191,Winneshiek,IA
19193,19,193,Woodbury,IA
19195,19,195,Worth,IA
19197,19,197,Wright,IA
20001,20,001,Allen,KS
20003,20,003,Anderson,KS
20005,20,005,Atchison,KS
20007,20,007,Barber,KS
20009,20,009,Barton,KS
20011,20,011,Bourbon,KS
20013,20,013,Brown,KS
20015,20,015,Butler,KS
20017,20,017,Chase,KS
20019,20,019,Chautauqua,KS
20021,20,021,Cherokee,KS
20023,20,023,Cheyenne,KS
20025,20,025,Clark,KS
20027,20,027,Clay,KS
20029,20,029,Cloud,KS
20031,20,031,Coffey,KS
20033,20,033,Comanche,KS
20035,20,035,Cowley,KS
20037,20,037,Crawford,KS
20039,20,039,Decatur,KS
20041,20,041,Dickinson,KS
20043,20,043,Doniphan,KS
20045,20,045,Douglas,KS
20047,20,047,Edwards,KS
20049,20,049,Elk,KS
20051,20,051,Ellis,KS
20053,20,053,Ellsworth,KS
20055,20,055,Finney,KS
20057,20,057,Ford,KS
20059,20,059,Franklin,KS
20061,20,061,Geary,KS
20063,20,063,Gove,KS
20065,20,065,Graham,KS
20067,20,067,Grant,KS
20069,20,069,Gray,KS
20071,20,071,Greeley,KS
20073,20,073,Greenwood,KS
20075,20,075,Hamilton,KS
20077,20,077,Harper,KS
20079,20,079,Harvey,KS
20081,20,081,Haskell,KS
20083,20,083,Hodgeman,KS
20085,20,085,Jackson,KS
20087,20,087,Jefferson,KS
20089,20,089,Jewell,KS
20091,20,091,Johnson,KS
20093,20,093,Kearny,KS
20095,20,095,Kingman,KS
20097,20,097,Kiowa,KS
20099,20,099,Labette,KS
20101,20,101,Lane,KS
20103,20,103,Leavenworth,KS
20105,20,105,Lincoln,KS
20107,20,107,Linn,KS
20109,20,109,Logan,KS
20111,20,111,Lyon,KS
20113,20,113,McPherson,KS
20115,20,115,Marion,KS
20117,20,117,Marshall,KS
20119,20,119,Meade,KS
20121,20,121,Miami,KS
20123,20,123,Mitchell,KS
20125,20,125,Montgomery,KS
20127,20,127,Morris,KS
20129,20,129,Morton,KS
20131,20,131,Nemaha,KS
20133,20,133,Neosho,KS
20135,20,135,Ness,KS
20137,20,137,Norton,KS
20139,20,139,Osage,KS
20141,20,141,Osborne,KS
20143,20,143,Ottawa,KS
20145,20,145,Pawnee,KS
20147,20,147,Phillips,KS
20149,20,149,Pottawatomie,KS
20151,20,151,Pratt,KS
20153,20,153,Rawlins,KS
20155,20,155,Reno,KS
20157,20,157,Republic,KS
20159,20,159,Rice,KS
20161,20,161,Riley,KS
20163,20,163,Rooks,KS
20165,20,165,Rush,KS
20167,20,167,Russell,KS
20169,20,169,Saline,KS
20171,20,171,Scott,KS
20173,20,173,Sedgwick,KS
20175,20,175,Seward,KS
20177,20,177,Shawnee,KS
20179,20,179,Sheridan,KS
20181,20,181,Sherman,KS
20183,20,183,Smith,KS
20185,20,185,Stafford,KS
20187,20,187,Stanton,KS
20189,20,189,Stevens,KS
20191,20,191,Sumner,KS
20193,20,193,Thomas,KS
20195,20,195,Trego,KS
20197,20,197,Wabaunsee,KS
20199,20,199,Wallace,KS
20201,20,201,Washington,KS
20203,20,203,Wichita,KS
20205,20,205,Wilson,KS
20207,20,207,Woodson,KS
20209,20,209,Wyandotte,KS
21001,21,001,Adair,KY
21003,21,003,Allen,KY
21005,21,005,Anderson,KY
21007,21,007,Ballard,KY
21009,21,009,Barren,KY
21011,21,011,Bath,KY
21013,21,013,Bell,KY
21015,21,015,Boone,KY
21017,21,017,Bourbon,KY
21019,21,019,Boyd,KY
21021,21,021,Boyle,KY
21023,21,023,Bracken,KY
21025,21,025,Breathitt,KY
21027,21,027,Breckinridge,KY
21029,21,029,Bullitt,KY
21031,21,031,Butler,KY
21033,21,033,Caldwell,KY
21035,21,035,Calloway,KY
21037,21,037,Campbell,KY
21039,21,039,Carlisle,KY
21041,21,041,Carroll,KY
21043,21,043,Carter,KY
21045,21,045,Casey,KY
21047,21,047,Christian,KY
21049,21,049,Clark,KY
21051,21,051,Clay,KY
21053,21,053,Clinton,KY
21055,21,055,Crittenden,KY
21057,21,057,Cumberland,KY
21059,21,059,Daviess,KY
21061,21,061,Edmonson,KY
21063,21,063,Elliott,KY
21065,21,065,Estill,KY
21067,21,067,Fayette,KY
21069,21,069,Fleming,KY
21071,21,071,Floyd,KY
21073,21,073,Franklin,KY
21075,21,075,Fulton,KY
21077,21,077,Gallatin,KY
21079,21,079,Garrard,KY
21081,21,081,Grant,KY
21083,21,083,Graves,KY
21085,21,085,Grayson,KY
21087,21,087,Green,KY
21089,21,089,Greenup,KY
21091,21,091,Hancock,KY
21093,21,093,Hardin,KY
21095,21,095,Harlan,KY
21097,21,097,Harrison,KY
21099,21,099,Hart,KY
21101,21,101,Henderson,KY
21103,21,103,Henry,KY
21105,21,105,Hickman,KY
21107,21,107,Hopkins,KY
21109,21,109,Jackson,KY
21111,21,111,Jefferson,KY
21113,21,113,Jessamine,KY
21115,21,115,Johnson,KY
21117,21,117,Kenton,KY
21119,21,119,Knott,KY
21121,21,121,Knox,KY
21123,21,123,Larue,KY
21125,21,125,Laurel,KY
21127,21,127,Lawrence,KY
21129,21,129,Lee,KY
21131,21,131,Leslie,KY
21133,21,133,Letcher,KY
21135,21,135,Lewis,KY
21137,21,137,Lincoln,KY
21139,21,139,Livingston,KY
21141,21,141,Logan,KY
21143,21,143,Lyon,KY
21145,21,145,McCracken,KY
21147,21,147,McCreary,KY
21149,21,149,McLean,KY
21151,21,151,Madison,KY
21153,21,153,Magoffin,KY
21155,21,155,Marion,KY
21157,21,157,Marshall,KY
21159,21,159,Martin,KY
21161,21,161,Mason,KY
21163,21,163,Meade,KY
21165,21,165,Menifee,KY
21167,21,167,Mercer,KY
21169,21,169,Metcalfe,KY
21171,21,171,Monroe,KY
21173,21,173,Montgomery,KY
21175,21,175,Morgan,KY
21177,21,177,Muhlenberg,KY
21179,21,179,Nelson,KY
21181,21,181,Nicholas,KY
21183,21,183,Ohio,KY
21185,21,185,Oldham,KY
21187,21,187,Owen,KY
21189,21,189,Owsley,KY
21191,21,191,Pendleton,KY
21193,21,193,Perry,KY
21195,21,195,Pike,KY
21197,21,197,Powell,KY
21199,21,199,Pulaski,KY
21201,21,201,Robertson,KY
21203,21,203,Rockcastle,KY
21205,21,205,Rowan,KY
21207,21,207,Russell,KY
21209,21,209,Scott,KY
21211,21,211,Shelby,KY
21213,21,213,Simpson,KY
21215,21,215,Spencer,KY
21217,21,217,Taylor,KY
21219,21,219,Todd,KY
21221,21,221,Trigg,KY
21223,21,223,Trimble,KY
21225,21,225,Union,KY
21227,21,227,Warren,KY
21229,21,229,Washington,KY
21231,21,231,Wayne,KY
21233,21,233,Webster,KY
21235,21,235,Whitley,KY
21237,21,237,Wolfe,KY
21239,21,239,Woodford,KY
22001,22,001,Acadia,LA
22003,22,003,Allen,LA
22005,22,005,Ascension,LA
22007,22,007,Assumption,LA
22009,22,009,Avoyelles,LA
22011,22,011,Beauregard,LA
22013,22,013,Bienville,LA
22015,22,015,Bossier,LA
22017,22,017,Caddo,LA
22019,22,019,Calcasieu,LA
22021,22,021,Caldwell,LA
22023,22,023,Cameron,LA
22025,22,025,Catahoula,LA
22027,22,027,Claiborne,LA
22029,22,029,Concordia,LA
22031,22,031,De Soto,LA
22033,22,033,East Baton Rouge,LA
22035,22,035,East Carroll,LA
22037,22,037,East Feliciana,LA
22039,22,039,Evangeline,LA
22041,22,041,Franklin,LA
22043,22,043,Grant,LA
22045,22,045,Iberia,LA
22047,22,047,Iberville,LA
22049,22,049,Jackson,LA
22051,22,051,Jefferson,LA
22053,22,053,Jefferson Davis,LA
22055,22,055,Lafayette,LA
22057,22,057,Lafourche,LA
22059,22,059,La Salle,LA
22061,22,061,Lincoln,LA
22063,22,063,Livingston,LA
22065,22,065,Madison,LA
22067,22,067,Morehouse,LA
22069,22,069,Natchitoches,LA
22071,22,071,Orleans,LA
22073,22,073,Ouachita,LA
22075,22,075,Plaquemines,LA
22077,22,077,Pointe Coupee,LA
22079,22,079,Rapides,LA
22081,22,081,Red River,LA
22083,22,083,Richland,LA
22085,22,085,Sabine,LA
22087,22,087,St Bernard,LA
22089,22,089,St Charles,LA
22091,22,091,St Helena,LA
22093,22,093,St James,LA
22095,22,095,St John the Baptist,LA
22097,22,097,St Landry,LA
22099,22,099,St Martin,LA
22101,22,101,St Mary,LA
22103,22,103,St Tammany,LA
22105,22,105,Tangipahoa,LA
22107,22,107,Tensas,LA
22109,22,109,Terrebonne,LA
22111,22,111,Union,LA
22113,22,113,Vermilion,LA
22115,22,115,Vernon,LA
22117,22,117,Washington,LA
22119,22,119,Webster,LA
22121,22,121,West Baton Rouge,LA
22123,22,123,West Carroll,LA
22125,22,125,West Feliciana,LA
22127,22,127,Winn,LA
23001,23,001,Androscoggin,ME
23003,23,003,Aroostook,ME
23005,23,005,Cumberland,ME
23007,23,007,Franklin,ME
23009,23,009,Hancock,ME
23011,23,011,Kennebec,ME
23013,23,013,Knox,ME
23015,23,015,Lincoln,ME
23017,23,017,Oxford,ME
23019,23,019,Penobscot,ME
23021,23,021,Piscataquis,ME
23023,23,023,Sagadahoc,ME
23025,23,025,Somerset,ME
23027,23,027,Waldo,ME
23029,23,029,Washington,ME
23031,23,031,York,ME
24001,24,001,Allegany,MD
24003,24,003,Anne Arundel,MD
24005,24,005,Baltimore,MD
24009,24,009,Calvert,MD
24011,24,011,Caroline,MD
24013,24,013,Carroll,MD
24015,24,015,Cecil,MD
24017,24,017,Charles,MD
24019,24,019,Dorchester,MD
24021,24,021,Frederick,MD
24023,24,023,Garrett,MD
24025,24,025,Harford,MD
24027,24,027,Howard,MD
24029,24,029,Kent,MD
24031,24,031,Montgomery,MD
24033,24,033,Prince Georges,MD
24035,24,035,Queen Annes,MD
24037,24,037,St Marys,MD
24039,24,039,Somerset,MD
24041,24,041,Talbot,MD
24043,24,043,Washington,MD
24045,24,045,Wicomico,MD
24047,24,047,Worcester,MD
24510,24,510,Baltimore City,MD
25001,25,001,Barnstable,MA
25003,25,003,Berkshire,MA
25005,25,005,Bristol,MA
25007,25,007,Dukes,MA
25009,25,009,Essex,MA
25011,25,011,Franklin,MA
25013,25,013,Hampden,MA
25015,25,015,Hampshire,MA
25017,25,017,Middlesex,MA
25019,25,019,Nantucket,MA
25021,25,021,Norfolk,MA
25023,25,023,Plymouth,MA
25025,25,025,Suffolk,MA
25027,25,027,Worcester,MA
26001,26,001,Alcona,MI
26003,26,003,Alger,MI
26005,26,005,Allegan,MI
26007,26,007,Alpena,MI
26009,26,009,Antrim,MI
26011,26,011,Arenac,MI
26013,26,013,Baraga,MI
26015,26,015,Barry,MI
26017,26,017,Bay,MI
26019,26,019,Benzie,MI
26021,26,021,Berrien,MI
26023,26,023,Branch,MI
26025,26,025,Calhoun,MI
26027,26,027,Cass,MI
26029,26,029,Charlevoix,MI
26031,26,031,Cheboygan,MI
26033,26,033,Chippewa,MI
26035,26,035,Clare,MI
26037,26,037,Clinton,MI
26039,26,039,Crawford,MI
26041,26,041,Delta,MI
26043,26,043,Dickinson,MI
26045,26,045,Eaton,MI
26047,26,047,Emmet,MI
26049,26,049,Genesee,MI
26051,26,051,Gladwin,MI
26053,26,053,Gogebic,MI
26055,26,055,Grand Traverse,MI
26057,26,057,Gratiot,MI
26059,26,059,Hillsdale,MI
26061,26,061,Houghton,MI
26063,26,063,Huron,MI
26065,26,065,Ingham,MI
26067,26,067,Ionia,MI
26069,26,069,Iosco,MI
26071,26,071,Iron,MI
26073,26,073,Isabella,MI
26075,26,075,Jackson,MI
26077,26,077,Kalamazoo,MI
26079,26,079,Kalkaska,MI
26081,26,081,Kent,MI
26083,26,083,Keweenaw,MI
26085,26,085,Lake,MI
26087,26,087,Lapeer,MI
26089,26,089,Leelanau,MI
26091,26,091,Lenawee,MI
26093,26,093,Livingston,MI
26095,26,095,Luce,MI
26097,26,097,Mackinac,MI
26099,26,099,Macomb,MI
26101,26,101,Manistee,MI
26103,26,103,Marquette,MI
26105,26,105,Mason,MI
26107,26,107,Mecosta,MI
26109,26,109,Menominee,MI
26111,26,111,Midland,MI
26113,26,113,Missaukee,MI
26115,26,115,Monroe,MI
26117,26,117,Montcalm,MI
26119,26,119,Montmorency,MI
26121,26,121,Muskegon,MI
26123,26,123,Newaygo,MI
26125,26,125,Oakland,MI
26127,26,127,Oceana,MI
26129,26,129,Ogemaw,MI
26131,26,131,Ontonagon,MI
26133,26,133,Osceola,MI
26135,26,135,Oscoda,MI
26137,26,137,Otsego,MI
26139,26,139,Ottawa,MI
26141,26,141,Presque Isle,MI
26143,26,143,Roscommon,MI
26145,26,145,Saginaw,MI
26147,26,147,St Clair,MI
26149,26,149,St Joseph,MI
26151,26,151,Sanilac,MI
26153,26,153,Schoolcraft,MI
26155,26,155,Shiawassee,MI
26157,26,157,Tuscola,MI
26159,26,159,Van Buren,MI
26161,26,161,Washtenaw,MI
26163,26,163,Wayne,MI
26165,26,165,Wexford,MI
27001,27,001,Aitkin,MN
27003,27,003,Anoka,MN
27005,27,005,Becker,MN
27007,27,007,Beltrami,MN
27009,27,009,Benton,MN
27011,27,011,Big Stone,MN
27013,27,013,Blue Earth,MN
27015,27,015,Brown,MN
27017,27,017,Carlton,MN
27019,27,019,Carver,MN
27021,27,021,Cass,MN
27023,27,023,Chippewa,MN
27025,27,025,Chisago,MN
27027,27,027,Clay,MN
27029,27,029,Clearwater,MN
27031,27,031,Cook,MN
27033,27,033,Cottonwood,MN
27035,27,035,Crow Wing,MN
27037,27,037,Dakota,MN
27039,27,039,Dodge,MN
27041,27,041,Douglas,MN
27043,27,043,Faribault,MN
27045,27,045,Fillmore,MN
27047,27,047,Freeborn,MN
27049,27,049,Goodhue,MN
27051,27,051,Grant,MN
27053,27,053,Hennepin,MN
27055,27,055,Houston,MN
27057,27,057,Hubbard,MN
27059,27,059,Isanti,MN
27061,27,061,Itasca,MN
27063,27,063,Jackson,MN
27065,27,065,Kanabec,MN
27067,27,067,Kandiyohi,MN
27069,27,069,Kittson,MN
27071,27,071,Koochiching,MN
27073,27,073,Lac qui Parle,MN
27075,27,075,Lake,MN
27077,27,077,Lake of the Woods,MN
27079,27,079,Le Sueur,MN
27081,27,081,Lincoln,MN
27083,27,083,Lyon,MN
27085,27,085,McLeod,MN
27087,27,087,Mahnomen,MN
27089,27,089,Marshall,MN
27091,27,091,Martin,MN
27093,27,093,Meeker,MN
27095,27,095,Mille Lacs,MN
27097,27,097,Morrison,MN
27099,27,099,Mower,MN
27101,27,101,Murray,MN
27103,27,103,Nicollet,MN
27105,27,105,Nobles,MN
27107,27,107,Norman,MN
27109,27,109,Olmsted,MN
27111,27,111,Otter Tail,MN
27113,27,113,Pennington,MN
27115,27,115,Pine,MN
27117,27,117,Pipestone,MN
27119,27,119,Polk,MN
27121,27,121,Pope,MN
27123,27,123,Ramsey,MN
27125,27,125,Red Lake,MN
27127,27,127,Redwood,MN
27129,27,129,Renville,MN
27131,27,131,Rice,MN
27133,27,133,Rock,MN
27135,27,135,Roseau,MN
27137,27,137,St Louis,MN
27139,27,139,Scott,MN
27141,27,141,Sherburne,MN
27143,27,143,Sibley,MN
27145,27,145,Stearns,MN
27147,27,147,Steele,MN
27149,27,149,Stevens,MN
27151,27,151,Swift,MN
27153,27,153,Todd,MN
27155,27,155,Traverse,MN
27157,27,157,Wabasha,MN
27159,27,159,Wadena,MN
27161,27,161,Waseca,MN
27163,27,163,Washington,MN
27165,27,165,Watonwan,MN
27167,27,167,Wilkin,MN
27169,27,169,Winona,MN
27171,27,171,Wright,MN
27173,27,173,Yellow Medicine,MN
28001,28,001,Adams,MS
28003,28,003,Alcorn,MS
28005,28,005,Amite,MS
28007,28,007,Attala,MS
28009,28,009,Benton,MS
28011,28,011,Bolivar,MS
28013,28,013,Calhoun,MS
28015,28,015,Carroll,MS
28017,28,017,Chickasaw,MS
28019,28,019,Choctaw,MS
28021,28,021,Claiborne,MS
28023,28,023,Clarke,MS
28025,28,025,Clay,MS
28027,28,027,Coahoma,MS
28029,28,029,Copiah,MS
28031,28,031,Covington,MS
28033,28,033,De Soto,MS
28035,28,035,Forrest,MS
28037,28,037,Franklin,MS
28039,28,039,George,MS
28041,28,041,Greene,MS
28043,28,043,Grenada,MS
28045,28,045,Hancock,MS
28047,28,047,Harrison,MS
28049,28,049,Hinds,MS
28051,28,051,Holmes,MS
28053,28,053,Humphreys,MS
28055,28,055,Issaquena,MS
28057,28,057,Itawamba,MS
28059,28,059,Jackson,MS
28061,28,061,Jasper,MS
28063,28,063,Jefferson,MS
28065,28,065,Jefferson Davis,MS
28067,28,067,Jones,MS
28069,28,069,Kemper,MS
28071,28,071,Lafayette,MS
28073,28,073,Lamar,MS
28075,28,075,Lauderdale,MS
28077,28,077,Lawrence,MS
28079,28,079,Leake,MS
28081,28,081,Lee,MS
28083,28,083,Leflore,MS
28085,28,085,Lincoln,MS
28087,28,087,Lowndes,MS
28089,28,089,Madison,MS
28091,28,091,Marion,MS
28093,28,093,Marshall,MS
28095,28,095,Monroe,MS
28097,28,097,Montgomery,MS
28099,28,099,Neshoba,MS
28101,28,101,Newton,MS
28103,28,103,Noxubee,MS
28105,28,105,Oktibbeha,MS
28107,28,107,Panola,MS
28109,28,109,Pearl River,MS
28111,28,111,Perry,MS
28113,28,113,Pike,MS
28115,28,115,Pontotoc,MS
28117,28,117,Prentiss,MS
28119,28,119,Quitman,MS
28121,28,121,Rankin,MS
28123,28,123,Scott,MS
28125,28,125,Sharkey,MS
28127,28,127,Simpson,MS
28129,28,129,Smith,MS
28131,28,131,Stone,MS
28133,28,133,Sunflower,MS
28135,28,135,Tallahatchie,MS
28137,28,137,Tate,MS
28139,28,139,Tippah,MS
28141,28,141,Tishomingo,MS
28143,28,143,Tunica,MS
28145,28,145,Union,MS
28147,28,147,Walthall,MS
28149,28,149,Warren,MS
28151,28,151,Washington,MS
28153,28,153,Wayne,MS
28155,28,155,Webster,MS
28157,28,157,Wilkinson,MS
28159,28,159,Winston,MS
28161,28,161,Yalobusha,MS
28163,28,163,Yazoo,MS
29001,29,001,Adair,MO
29003,29,003,Andrew,MO
29005,29,005,Atchison,MO
29007,29,007,Audrain,MO
29009,29,009,Barry,MO
29011,29,011,Barton,MO
29013,29,013,Bates,MO
29015,29,015,Benton,MO
29017,29,017,Bollinger,MO
29019,29,019,Boone,MO
29021,29,021,Buchanan,MO
29023,29,023,Butler,MO
29025,29,025,Caldwell,MO
29027,29,027,Callaway,MO
29029,29,029,Camden,MO
29031,29,031,Cape Girardeau,MO
29033,29,033,Carroll,MO
29035,29,035,Carter,MO
29037,29,037,Cass,MO
29039,29,039,Cedar,MO
29041,29,041,Chariton,MO
29043,29,043,Christian,MO
29045,29,045,Clark,MO
29047,29,047,Clay,MO
29049,29,049,Clinton,MO
29051,29,051,Cole,MO
29053,29,053,Cooper,MO
29055,29,055,Crawford,MO
29057,29,057,Dade,MO
29059,29,059,Dallas,MO
29061,29,061,Daviess,MO
29063,29,063,De Kalb,MO
29065,29,065,Dent,MO
29067,29,067,Douglas,MO
29069,29,069,Dunklin,MO
29071,29,071,Franklin,MO
29073,29,073,Gasconade,MO
29075,29,075,Gentry,MO
29077,29,077,Greene,MO
29079,29,079,Grundy,MO
29081,29,081,Harrison,MO
29083,29,083,Henry,MO
29085,29,085,Hickory,MO
29087,29,087,Holt,MO
29089,29,089,Howard,MO
29091,29,091,Howell,MO
29093,29,093,Iron,MO
29095,29,095,Jackson,MO
29097,29,097,Jasper,MO
29099,29,099,Jefferson,MO
29101,29,101,Johnson,MO
29103,29,103,Knox,MO
29105,29,105,Laclede,MO
29107,29,107,Lafayette,MO
29109,29,109,Lawrence,MO
29111,29,111,Lewis,MO
29113,29,113,Lincoln,MO
29115,29,115,Linn,MO
29117,29,117,Livingston,MO
29119,29,119,McDonald,MO
29121,29,121,Macon,MO
29123,29,123,Madison,MO
29125,29,125,Maries,MO
29127,29,127,Marion,MO
29129,29,129,Mercer,MO
29131,29,131,Miller,MO
29133,29,133,Mississippi,MO
29135,29,135,Moniteau,MO
29137,29,137,Monroe,MO
29139,29,139,Montgomery,MO
29141,29,141,Morgan,MO
29143,29,143,New Madrid,MO
29145,29,145,Newton,MO
29147,29,147,Nodaway,MO
29149,29,149,Oregon,MO
29151,29,151,Osage,MO
29153,29,153,Ozark,MO
29155,29,155,Pemiscot,MO
29157,29,157,Perry,MO
29159,29,159,Pettis,MO
29161,29,161,Phelps,MO
29163,29,163,Pike,MO
29165,29,165,Platte,MO
29167,29,167,Polk,MO
29169,29,169,Pulaski,MO
29171,29,171,Putnam,MO
29173,29,173,Ralls,MO
29175,29,175,Randolph,MO
29177,29,177,Ray,MO
29179,29,179,Reynolds,MO
29181,29,181,Ripley,MO
29183,29,183,St Charles,MO
29185,29,185,St Clair,MO
29186,29,186,Ste. Genevieve,MO
29187,29,187,St Francois,MO
29189,29,189,St Louis,MO
29195,29,195,Saline,MO
29197,29,197,Schuyler,MO
29199,29,199,Scotland,MO
29201,29,201,Scott,MO
29203,29,203,Shannon,MO
29205,29,205,Shelby,MO
29207,29,207,Stoddard,MO
29209,29,209,Stone,MO
29211,29,211,Sullivan,MO
29213,29,213,Taney,MO
29215,29,215,Texas,MO
29217,29,217,Vernon,MO
29219,29,219,Warren,MO
29221,29,221,Washington,MO
29223,29,223,Wayne,MO
29225,29,225,Webster,MO
29227,29,227,Worth,MO
29229,29,229,Wright,MO
29510,29,510,St Louis City,MO
30001,30,001,Beaverhead,MT
30003,30,003,Big Horn,MT
30005,30,005,Blaine,MT
30007,30,007,Broadwater,MT
30009,30,009,Carbon,MT
30011,30,011,Carter,MT
30013,30,013,Cascade,MT
30015,30,015,Chouteau,MT
30017,30,017,Custer,MT
30019,30,019,Daniels,MT
30021,30,021,Dawson,MT
30023,30,023,Deer Lodge,MT
30025,30,025,Fallon,MT
30027,30,027,Fergus,MT
30029,30,029,Flathead,MT
30031,30,031,Gallatin,MT
30033,30,033,Garfield,MT
30035,30,035,Glacier,MT
30037,30,037,Golden Valley,MT
30039,30,039,Granite,MT
30041,30,041,Hill,MT
30043,30,043,Jefferson,MT
30045,30,045,Judith Basin,MT
30047,30,047,Lake,MT
30049,30,049,Lewis and Clark,MT
30051,30,051,Liberty,MT
30053,30,053,Lincoln,MT
30055,30,055,McCone,MT
30057,30,057,Madison,MT
30059,30,059,Meagher,MT
30061,30,061,Mineral,MT
30063,30,063,Missoula,MT
30065,30,065,Musselshell,MT
30067,30,067,Park,MT
30069,30,069,Petroleum,MT
30071,30,071,Phillips,MT
30073,30,073,Pondera,MT
30075,30,075,Powder River,MT
30077,30,077,Powell,MT
30079,30,079,Prairie,MT
30081,30,081,Ravalli,MT
30083,30,083,Richland,MT
30085,30,085,Roosevelt,MT
30087,30,087,Rosebud,MT
30089,30,089,Sanders,MT
30091,30,091,Sheridan,MT
30093,30,093,Silver Bow,MT
30095,30,095,Stillwater,MT
30097,30,097,Sweet Grass,MT
30099,30,099,Teton,MT
30101,30,101,Toole,MT
30103,30,103,Treasure,MT
30105,30,105,Valley,MT
30107,30,107,Wheatland,MT
30109,30,109,Wibaux,MT
30111,30,111,Yellowstone,MT
30113,30,113,Yellowstone Nat Park,MT
31001,31,001,Adams,NE
31003,31,003,Antelope,NE
31005,31,005,Arthur,NE
31007,31,007,Banner,NE
31009,31,009,Blaine,NE
31011,31,011,Boone,NE
31013,31,013,Box Butte,NE
31015,31,015,Boyd,NE
31017,31,017,Brown,NE
31019,31,019,Buffalo,NE
31021,31,021,Burt,NE
31023,31,023,Butler,NE
31025,31,025,Cass,NE
31027,31,027,Cedar,NE
31029,31,029,Chase,NE
31031,31,031,Cherry,NE
31033,31,033,Cheyenne,NE
31035,31,035,Clay,NE
31037,31,037,Colfax,NE
31039,31,039,Cuming,NE
31041,31,041,Custer,NE
31043,31,043,Dakota,NE
31045,31,045,Dawes,NE
31047,31,047,Dawson,NE
31049,31,049,Deuel,NE
31051,31,051,Dixon,NE
31053,31,053,Dodge,NE
31055,31,055,Douglas,NE
31057,31,057,Dundy,NE
31059,31,059,Fillmore,NE
31061,31,061,Franklin,NE
31063,31,063,Frontier,NE
31065,31,065,Furnas,NE
31067,31,067,Gage,NE
31069,31,069,Garden,NE
31071,31,071,Garfield,NE
31073,31,073,Gosper,NE
31075,31,075,Grant,NE
31077,31,077,Greeley,NE
31079,31,079,Hall,NE
31081,31,081,Hamilton,NE
31083,31,083,Harlan,NE
31085,31,085,Hayes,NE
31087,31,087,Hitchcock,NE
31089,31,089,Holt,NE
31091,31,091,Hooker,NE
31093,31,093,Howard,NE
31095,31,095,Jefferson,NE
31097,31,097,Johnson,NE
31099,31,099,Kearney,NE
31101,31,101,Keith,NE
31103,31,103,Keya Paha,NE
31105,31,105,Kimball,NE
31107,31,107,Knox,NE
31109,31,109,Lancaster,NE
31111,31,111,Lincoln,NE
31113,31,113,Logan,NE
31115,31,115,Loup,NE
31117,31,117,McPherson,NE
31119,31,119,Madison,NE
31121,31,121,Merrick,NE
31123,31,123,Morrill,NE
31125,31,125,Nance,NE
31127,31,127,Nemaha,NE
31129,31,129,Nuckolls,NE
31131,31,131,Otoe,NE
31133,31,133,Pawnee,NE
31135,31,135,Perkins,NE
31137,31,137,Phelps,NE
31139,31,139,Pierce,NE
31141,31,141,Platte,NE
31143,31,143,Polk,NE
31145,31,145,Red Willow,NE
31147,31,147,Richardson,NE
31149,31,149,Rock,NE
31151,31,151,Saline,NE
31153,31,153,Sarpy,NE
31155,31,155,Saunders,NE
31157,31,157,Scotts Bluff,NE
31159,31,159,Seward,NE
31161,31,161,Sheridan,NE
31163,31,163,Sherman,NE
31165,31,165,Sioux,NE
31167,31,167,Stanton,NE
31169,31,169,Thayer,NE
31171,31,171,Thomas,NE
31173,31,173,Thurston,NE
31175,31,175,Valley,NE
31177,31,177,Washington,NE
31179,31,179,Wayne,NE
31181,31,181,Webster,NE
31183,31,183,Wheeler,NE
31185,31,185,York,NE
32001,32,001,Churchill,NV
32003,32,003,Clark,NV
32005,32,005,Douglas,NV
32007,32,007,Elko,NV
32009,32,009,Esmeralda,NV
32011,32,011,Eureka,NV
32013,32,013,Humboldt,NV
32015,32,015,Lander,NV
32017,32,017,Lincoln,NV
32019,32,019,Lyon,NV
32021,32,021,Mineral,NV
32023,32,023,Nye,NV
32027,32,027,Pershing,NV
32029,32,029,Storey,NV
32031,32,031,Washoe,NV
32033,32,033,White Pine,NV
32510,32,510,Carson City,NV
33001,33,001,Belknap,NH
33003,33,003,Carroll,NH
33005,33,005,Cheshire,NH
33007,33,007,Coos,NH
33009,33,009,Grafton,NH
33011,33,011,Hillsborough,NH
33013,33,013,Merrimack,NH
33015,33,015,Rockingham,NH
33017,33,017,Strafford,NH
33019,33,019,Sullivan,NH
34001,34,001,Atlantic,NJ
34003,34,003,Bergen,NJ
34005,34,005,Burlington,NJ
34007,34,007,Camden,NJ
34009,34,009,Cape May,NJ
34011,34,011,Cumberland,NJ
34013,34,013,Essex,NJ
34015,34,015,Gloucester,NJ
34017,34,017,Hudson,NJ
34019,34,019,Hunterdon,NJ
34021,34,021,Mercer,NJ
34023,34,023,Middlesex,NJ
34025,34,025,Monmouth,NJ
34027,34,027,Morris,NJ
34029,34,029,Ocean,NJ
34031,34,031,Passaic,NJ
34033,34,033,Salem,NJ
34035,34,035,Somerset,NJ
34037,34,037,Sussex,NJ
34039,34,039,Union,NJ
34041,34,041,Warren,NJ
35001,35,001,Bernalillo,NM
35003,35,003,Catron,NM
35005,35,005,Chaves,NM
35006,35,006,Cibola,NM
35007,35,007,Colfax,NM
35009,35,009,Curry,NM
35011,35,011,De Baca,NM
35013,35,013,Dona Ana,NM
35015,35,015,Eddy,NM
35017,35,017,Grant,NM
35019,35,019,Guadalupe,NM
35021,35,021,Harding,NM
35023,35,023,Hidalgo,NM
35025,35,025,Lea,NM
35027,35,027,Lincoln,NM
35028,35,028,Los Alamos,NM
35029,35,029,Luna,NM
35031,35,031,McKinley,NM
35033,35,033,Mora,NM
35035,35,035,Otero,NM
35037,35,037,Quay,NM
35039,35,039,Rio Arriba,NM
35041,35,041,Roosevelt,NM
35043,35,043,Sandoval,NM
35045,35,045,San Juan,NM
35047,35,047,San Miguel,NM
35049,35,049,Santa Fe,NM
35051,35,051,Sierra,NM
35053,35,053,Socorro,NM
35055,35,055,Taos,NM
35057,35,057,Torrance,NM
35059,35,059,Union,NM
35061,35,061,Valencia,NM
36001,36,001,Albany,NY
36003,36,003,Allegany,NY
36005,36,005,Bronx,NY
36007,36,007,Broome,NY
36009,36,009,Cattaraugus,NY
36011,36,011,Cayuga,NY
36013,36,013,Chautauqua,NY
36015,36,015,Chemung,NY
36017,36,017,Chenango,NY
36019,36,019,Clinton,NY
36021,36,021,Columbia,NY
36023,36,023,Cortland,NY
36025,36,025,Delaware,NY
36027,36,027,Dutchess,NY
36029,36,029,Erie,NY
36031,36,031,Essex,NY
36033,36,033,Franklin,NY
36035,36,035,Fulton,NY
36037,36,037,Genesee,NY
36039,36,039,Greene,NY
36041,36,041,Hamilton,NY
36043,36,043,Herkimer,NY
36045,36,045,Jefferson,NY
36047,36,047,Kings,NY
36049,36,049,Lewis,NY
36051,36,051,Livingston,NY
36053,36,053,Madison,NY
36055,36,055,Monroe,NY
36057,36,057,Montgomery,NY
36059,36,059,Nassau,NY
36061,36,061,New York,NY
36063,36,063,Niagara,NY
36065,36,065,Oneida,NY
36067,36,067,Onondaga,NY
36069,36,069,Ontario,NY
36071,36,071,Orange,NY
36073,36,073,Orleans,NY
36075,36,075,Oswego,NY
36077,36,077,Otsego,NY
36079,36,079,Putnam,NY
36081,36,081,Queens,NY
36083,36,083,Rensselaer,NY
36085,36,085,Richmond,NY
36087,36,087,Rockland,NY
36089,36,089,St Lawrence,NY
36091,36,091,Saratoga,NY
36093,36,093,Schenectady,NY
36095,36,095,Schoharie,NY
36097,36,097,Schuyler,NY
36099,36,099,Seneca,NY
36101,36,101,Steuben,NY
36103,36,103,Suffolk,NY
36105,36,105,Sullivan,NY
36107,36,107,Tioga,NY
36109,36,109,Tompkins,NY
36111,36,111,Ulster,NY
36113,36,113,Warren,NY
36115,36,115,Washington,NY
36117,36,117,Wayne,NY
36119,36,119,Westchester,NY
36121,36,121,Wyoming,NY
36123,36,123,Yates,NY
37001,37,001,Alamance,NC
37003,37,003,Alexander,NC
37005,37,005,Alleghany,NC
37007,37,007,Anson,NC
37009,37,009,Ashe,NC
37011,37,011,Avery,NC
37013,37,013,Beaufort,NC
37015,37,015,Bertie,NC
37017,37,017,Bladen,NC
37019,37,019,Brunswick,NC
37021,37,021,Buncombe,NC
37023,37,023,Burke,NC
37025,37,025,Cabarrus,NC
37027,37,027,Caldwell,NC
37029,37,029,Camden,NC
37031,37,031,Carteret,NC
37033,37,033,Caswell,NC
37035,37,035,Catawba,NC
37037,37,037,Chatham,NC
37039,37,039,Cherokee,NC
37041,37,041,Chowan,NC
37043,37,043,Clay,NC
37045,37,045,Cleveland,NC
37047,37,047,Columbus,NC
37049,37,049,Craven,NC
37051,37,051,Cumberland,NC
37053,37,053,Currituck,NC
37055,37,055,Dare,NC
37057,37,057,Davidson,NC
37059,37,059,Davie,NC
37061,37,061,Duplin,NC
37063,37,063,Durham,NC
37065,37,065,Edgecombe,NC
37067,37,067,Forsyth,NC
37069,37,069,Franklin,NC
37071,37,071,Gaston,NC
37073,37,073,Gates,NC
37075,37,075,Graham,NC
37077,37,077,Granville,NC
37079,37,079,Greene,NC
37081,37,081,Guilford,NC
37083,37,083,Halifax,NC
37085,37,085,Harnett,NC
37087,37,087,Haywood,NC
37089,37,089,Henderson,NC
37091,37,091,Hertford,NC
37093,37,093,Hoke,NC
37095,37,095,Hyde,NC
37097,37,097,Iredell,NC
37099,37,099,Jackson,NC
37101,37,101,Johnston,NC
37103,37,103,Jones,NC
37105,37,105,Lee,NC
37107,37,107,Lenoir,NC
37109,37,109,Lincoln,NC
37111,37,111,McDowell,NC
37113,37,113,Macon,NC
37115,37,115,Madison,NC
37117,37,117,Martin,NC
37119,37,119,Mecklenburg,NC
37121,37,121,Mitchell,NC
37123,37,123,Montgomery,NC
37125,37,125,Moore,NC
37127,37,127,Nash,NC
37129,37,129,New Hanover,NC
37131,37,131,Northampton,NC
37133,37,133,Onslow,NC
37135,37,135,Orange,NC
37137,37,137,Pamlico,NC
37139,37,139,Pasquotank,NC
37141,37,141,Pender,NC
37143,37,143,Perquimans,NC
37145,37,145,Person,NC
37147,37,147,Pitt,NC
37149,37,149,Polk,NC
37151,37,151,Randolph,NC
37153,37,153,Richmond,NC
37155,37,155,Robeson,NC
37157,37,157,Rockingham,NC
37159,37,159,Rowan,NC
37161,37,161,Rutherford,NC
37163,37,163,Sampson,NC
37165,37,165,Scotland,NC
37167,37,167,Stanly,NC
37169,37,169,Stokes,NC
37171,37,171,Surry,NC
37173,37,173,Swain,NC
37175,37,175,Transylvania,NC
37177,37,177,Tyrrell,NC
37179,37,179,Union,NC
37181,37,181,Vance,NC
37183,37,183,Wake,NC
37185,37,185,Warren,NC
37187,37,187,Washington,NC
37189,37,189,Watauga,NC
37191,37,191,Wayne,NC
37193,37,193,Wilkes,NC
37195,37,195,Wilson,NC
37197,37,197,Yadkin,NC
37199,37,199,Yancey,NC
38001,38,001,Adams,ND
38003,38,003,Barnes,ND
38005,38,005,Benson,ND
38007,38,007,Billings,ND
38009,38,009,Bottineau,ND
38011,38,011,Bowman,ND
38013,38,013,Burke,ND
38015,38,015,Burleigh,ND
38017,38,017,Cass,ND
38019,38,019,Cavalier,ND
38021,38,021,Dickey,ND
38023,38,023,Divide,ND
38025,38,025,Dunn,ND
38027,38,027,Eddy,ND
38029,38,029,Emmons,ND
38031,38,031,Foster,ND
38033,38,033,Golden Valley,ND
38035,38,035,Grand Forks,ND
38037,38,037,Grant,ND
38039,38,039,Griggs,ND
38041,38,041,Hettinger,ND
38043,38,043,Kidder,ND
38045,38,045,La Moure,ND
38047,38,047,Logan,ND
38049,38,049,McHenry,ND
38051,38,051,McIntosh,ND
38053,38,053,McKenzie,ND
38055,38,055,McLean,ND
38057,38,057,Mercer,ND
38059,38,059,Morton,ND
38061,38,061,Mountrail,ND
38063,38,063,Nelson,ND
38065,38,065,Oliver,ND
38067,38,067,Pembina,ND
38069,38,069,Pierce,ND
38071,38,071,Ramsey,ND
38073,38,073,Ransom,ND
38075,38,075,Renville,ND
38077,38,077,Richland,ND
38079,38,079,Rolette,ND
38081,38,081,Sargent,ND
38083,38,083,Sheridan,ND
38085,38,085,Sioux,ND
38087,38,087,Slope,ND
38089,38,089,Stark,ND
38091,38,091,Steele,ND
38093,38,093,Stutsman,ND
38095,38,095,Towner,ND
38097,38,097,Traill,ND
38099,38,099,Walsh,ND
38101,38,101,Ward,ND
38103,38,103,Wells,ND
38105,38,105,Williams,ND
39001,39,001,Adams,OH
39003,39,003,Allen,OH
39005,39,005,Ashland,OH
39007,39,007,Ashtabula,OH
39009,39,009,Athens,OH
39011,39,011,Auglaize,OH
39013,39,013,Belmont,OH
39015,39,015,Brown,OH
39017,39,017,Butler,OH
39019,39,019,Carroll,OH
39021,39,021,Champaign,OH
39023,39,023,Clark,OH
39025,39,025,Clermont,OH
39027,39,027,Clinton,OH
39029,39,029,Columbiana,OH
39031,39,031,Coshocton,OH
39033,39,033,Crawford,OH
39035,39,035,Cuyahoga,OH
39037,39,037,Darke,OH
39039,39,039,Defiance,OH
39041,39,041,Delaware,OH
39043,39,043,Erie,OH
39045,39,045,Fairfield,OH
39047,39,047,Fayette,OH
39049,39,049,Franklin,OH
39051,39,051,Fulton,OH
39053,39,053,Gallia,OH
39055,39,055,Geauga,OH
39057,39,057,Greene,OH
39059,39,059,Guernsey,OH
39061,39,061,Hamilton,OH
39063,39,063,Hancock,OH
39065,39,065,Hardin,OH
39067,39,067,Harrison,OH
39069,39,069,Henry,OH
39071,39,071,Highland,OH
39073,39,073,Hocking,OH
39075,39,075,Holmes,OH
39077,39,077,Huron,OH
39079,39,079,Jackson,OH
39081,39,081,Jefferson,OH
39083,39,083,Knox,OH
39085,39,085,Lake,OH
39087,39,087,Lawrence,OH
39089,39,089,Licking,OH
39091,39,091,Logan,OH
39093,39,093,Lorain,OH
39095,39,095,Lucas,OH
39097,39,097,Madison,OH
39099,39,099,Mahoning,OH
39101,39,101,Marion,OH
39103,39,103,Medina,OH
39105,39,105,Meigs,OH
39107,39,107,Mercer,OH
39109,39,109,Miami,OH
39111,39,111,Monroe,OH
39113,39,113,Montgomery,OH
39115,39,115,Morgan,OH
39117,39,117,Morrow,OH
39119,39,119,Muskingum,OH
39121,39,121,Noble,OH
39123,39,123,Ottawa,OH
39125,39,125,Paulding,OH
39127,39,127,Perry,OH
39129,39,129,Pickaway,OH
39131,39,131,Pike,OH
39133,39,133,Portage,OH
39135,39,135,Preble,OH
39137,39,137,Putnam,OH
39139,39,139,Richland,OH
39141,39,141,Ross,OH
39143,39,143,Sandusky,OH
39145,39,145,Scioto,OH
39147,39,147,Seneca,OH
39149,39,149,Shelby,OH
39151,39,151,Stark,OH
39153,39,153,Summit,OH
39155,39,155,Trumbull,OH
39157,39,157,Tuscarawas,OH
39159,39,159,Union,OH
39161,39,161,Van Wert,OH
39163,39,163,Vinton,OH
39165,39,165,Warren,OH
39167,39,167,Washington,OH
39169,39,169,Wayne,OH
39171,39,171,Williams,OH
39173,39,173,Wood,OH
39175,39,175,Wyandot,OH
40001,40,001,Adair,OK
40003,40,003,Alfalfa,OK
40005,40,005,Atoka,OK
40007,40,007,Beaver,OK
40009,40,009,Beckham,OK
40011,40,011,Blaine,OK
40013,40,013,Bryan,OK
40015,40,015,Caddo,OK
40017,40,017,Canadian,OK
40019,40,019,Carter,OK
40021,40,021,Cherokee,OK
40023,40,023,Choctaw,OK
40025,40,025,Cimarron,OK
40027,40,027,Cleveland,OK
40029,40,029,Coal,OK
40031,40,031,Comanche,OK
40033,40,033,Cotton,OK
40035,40,035,Craig,OK
40037,40,037,Creek,OK
40039,40,039,Custer,OK
40041,40,041,Delaware,OK
40043,40,043,Dewey,OK
40045,40,045,Ellis,OK
40047,40,047,Garfield,OK
40049,40,049,Garvin,OK
40051,40,051,Grady,OK
40053,40,053,Grant,OK
40055,40,055,Greer,OK
40057,40,057,Harmon,OK
40059,40,059,Harper,OK
40061,40,061,Haskell,OK
40063,40,063,Hughes,OK
40065,40,065,Jackson,OK
40067,40,067,Jefferson,OK
40069,40,069,Johnston,OK
40071,40,071,Kay,OK
40073,40,073,Kingfisher,OK
40075,40,075,Kiowa,OK
40077,40,077,Latimer,OK
40079,40,079,Le Flore,OK
40081,40,081,Lincoln,OK
40083,40,083,Logan,OK
40085,40,085,Love,OK
40087,40,087,McClain,OK
40089,40,089,McCurtain,OK
40091,40,091,McIntosh,OK
40093,40,093,Major,OK
40095,40,095,Marshall,OK
40097,40,097,Mayes,OK
40099,40,099,Murray,OK
40101,40,101,Muskogee,OK
40103,40,103,Noble,OK
40105,40,105,Nowata,OK
40107,40,107,Okfuskee,OK
40109,40,109,Oklahoma,OK
40111,40,111,Okmulgee,OK
40113,40,113,Osage,OK
40115,40,115,Ottawa,OK
40117,40,117,Pawnee,OK
40119,40,119,Payne,OK
40121,40,121,Pittsburg,OK
40123,40,123,Pontotoc,OK
40125,40,125,Pottawatomie,OK
40127,40,127,Pushmataha,OK
40129,40,129,Roger Mills,OK
40131,40,131,Rogers,OK
40133,40,133,Seminole,OK
40135,40,135,Sequoyah,OK
40137,40,137,Stephens,OK
40139,40,139,Texas,OK
40141,40,141,Tillman,OK
40143,40,143,Tulsa,OK
40145,40,145,Wagoner,OK
40147,40,147,Washington,OK
40149,40,149,Washita,OK
40151,40,151,Woods,OK
40153,40,153,Woodward,OK
41001,41,001,Baker,OR
41003,41,003,Benton,OR
41005,41,005,Clackamas,OR
41007,41,007,Clatsop,OR
41009,41,009,Columbia,OR
41011,41,011,Coos,OR
41013,41,013,Crook,OR
41015,41,015,Curry,OR
41017,41,017,Deschutes,OR
41019,41,019,Douglas,OR
41021,41,021,Gilliam,OR
41023,41,023,Grant,OR
41025,41,025,Harney,OR
41027,41,027,Hood River,OR
41029,41,029,Jackson,OR
41031,41,031,Jefferson,OR
41033,41,033,Josephine,OR
41035,41,035,Klamath,OR
41037,41,037,Lake,OR
41039,41,039,Lane,OR
41041,41,041,Lincoln,OR
41043,41,043,Linn,OR
41045,41,045,Malheur,OR
41047,41,047,Marion,OR
41049,41,049,Morrow,OR
41051,41,051,Multnomah,OR
41053,41,053,Polk,OR
41055,41,055,Sherman,OR
41057,41,057,Tillamook,OR
41059,41,059,Umatilla,OR
41061,41,061,Union,OR
41063,41,063,Wallowa,OR
41065,41,065,Wasco,OR
41067,41,067,Washington,OR
41069,41,069,Wheeler,OR
41071,41,071,Yamhill,OR
42001,42,001,Adams,PA
42003,42,003,Allegheny,PA
42005,42,005,Armstrong,PA
42007,42,007,Beaver,PA
42009,42,009,Bedford,PA
42011,42,011,Berks,PA
42013,42,013,Blair,PA
42015,42,015,Bradford,PA
42017,42,017,Bucks,PA
42019,42,019,Butler,PA
42021,42,021,Cambria,PA
42023,42,023,Cameron,PA
42025,42,025,Carbon,PA
42027,42,027,Centre,PA
42029,42,029,Chester,PA
42031,42,031,Clarion,PA
42033,42,033,Clearfield,PA
42035,42,035,Clinton,PA
42037,42,037,Columbia,PA
42039,42,039,Crawford,PA
42041,42,041,Cumberland,PA
42043,42,043,Dauphin,PA
42045,42,045,Delaware,PA
42047,42,047,Elk,PA
42049,42,049,Erie,PA
42051,42,051,Fayette,PA
42053,42,053,Forest,PA
42055,42,055,Franklin,PA
42057,42,057,Fulton,PA
42059,42,059,Greene,PA
42061,42,061,Huntingdon,PA
42063,42,063,Indiana,PA
42065,42,065,Jefferson,PA
42067,42,067,Juniata,PA
42069,42,069,Lackawanna,PA
42071,42,071,Lancaster,PA
42073,42,073,Lawrence,PA
42075,42,075,Lebanon,PA
42077,42,077,Lehigh,PA
42079,42,079,Luzerne,PA
42081,42,081,Lycoming,PA
42083,42,083,McKean,PA
42085,42,085,Mercer,PA
42087,42,087,Mifflin,PA
42089,42,089,Monroe,PA
42091,42,091,Montgomery,PA
42093,42,093,Montour,PA
42095,42,095,Northampton,PA
42097,42,097,Northumberland,PA
42099,42,099,Perry,PA
42101,42,101,Philadelphia,PA
42103,42,103,Pike,PA
42105,42,105,Potter,PA
42107,42,107,Schuylkill,PA
42109,42,109,Snyder,PA
42111,42,111,Somerset,PA
42113,42,113,Sullivan,PA
42115,42,115,Susquehanna,PA
42117,42,117,Tioga,PA
42119,42,119,Union,PA
42121,42,121,Venango,PA
42123,42,123,Warren,PA
42125,42,125,Washington,PA
42127,42,127,Wayne,PA
42129,42,129,Westmoreland,PA
42131,42,131,Wyoming,PA
42133,42,133,York,PA
44001,44,001,Bristol,RI
44003,44,003,Kent,RI
44005,44,005,Newport,RI
44007,44,007,Providence,RI
44009,44,009,Washington,RI
45001,45,001,Abbeville,SC
45003,45,003,Aiken,SC
45005,45,005,Allendale,SC
45007,45,007,Anderson,SC
45009,45,009,Bamberg,SC
45011,45,011,Barnwell,SC
45013,45,013,Beaufort,SC
45015,45,015,Berkeley,SC
45017,45,017,Calhoun,SC
45019,45,019,Charleston,SC
45021,45,021,Cherokee,SC
45023,45,023,Chester,SC
45025,45,025,Chesterfield,SC
45027,45,027,Clarendon,SC
45029,45,029,Colleton,SC
45031,45,031,Darlington,SC
45033,45,033,Dillon,SC
45035,45,035,Dorchester,SC
45037,45,037,Edgefield,SC
45039,45,039,Fairfield,SC
45041,45,041,Florence,SC
45043,45,043,Georgetown,SC
45045,45,045,Greenville,SC
45047,45,047,Greenwood,SC
45049,45,049,Hampton,SC
45051,45,051,Horry,SC
45053,45,053,Jasper,SC
45055,45,055,Kershaw,SC
45057,45,057,Lancaster,SC
45059,45,059,Laurens,SC
45061,45,061,Lee,SC
45063,45,063,Lexington,SC
45065,45,065,McCormick,SC
45067,45,067,Marion,SC
45069,45,069,Marlboro,SC
45071,45,071,Newberry,SC
45073,45,073,Oconee,SC
45075,45,075,Orangeburg,SC
45077,45,077,Pickens,SC
45079,45,079,Richland,SC
45081,45,081,Saluda,SC
45083,45,083,Spartanburg,SC
45085,45,085,Sumter,SC
45087,45,087,Union,SC
45089,45,089,Williamsburg,SC
45091,45,091,York,SC
46003,46,003,Aurora,SD
46005,46,005,Beadle,SD
46007,46,007,Bennett,SD
46009,46,009,Bon Homme,SD
46011,46,011,Brookings,SD
46013,46,013,Brown,SD
46015,46,015,Brule,SD
46017,46,017,Buffalo,SD
46019,46,019,Butte,SD
46021,46,021,Campbell,SD
46023,46,023,Charles Mix,SD
46025,46,025,Clark,SD
46027,46,027,Clay,SD
46029,46,029,Codington,SD
46031,46,031,Corson,SD
46033,46,033,Custer,SD
46035,46,035,Davison,SD
46037,46,037,Day,SD
46039,46,039,Deuel,SD
46041,46,041,Dewey,SD
46043,46,043,Douglas,SD
46045,46,045,Edmunds,SD
46047,46,047,Fall River,SD
46049,46,049,Faulk,SD
46051,46,051,Grant,SD
46053,46,053,Gregory,SD
46055,46,055,Haakon,SD
46057,46,057,Hamlin,SD
46059,46,059,Hand,SD
46061,46,061,Hanson,SD
46063,46,063,Harding,SD
46065,46,065,Hughes,SD
46067,46,067,Hutchinson,SD
46069,46,069,Hyde,SD
46071,46,071,Jackson,SD
46073,46,073,Jerauld,SD
46075,46,075,Jones,SD
46077,46,077,Kingsbury,SD
46079,46,079,Lake,SD
46081,46,081,Lawrence,SD
46083,46,083,Lincoln,SD
46085,46,085,Lyman,SD
46087,46,087,McCook,SD
46089,46,089,McPherson,SD
46091,46,091,Marshall,SD
46093,46,093,Meade,SD
46095,46,095,Mellette,SD
46097,46,097,Miner,SD
46099,46,099,Minnehaha,SD
46101,46,101,Moody,SD
46103,46,103,Pennington,SD
46105,46,105,Perkins,SD
46107,46,107,Potter,SD
46109,46,109,Roberts,SD
46111,46,111,Sanborn,SD
46113,46,113,Shannon,SD
46115,46,115,Spink,SD
46117,46,117,Stanley,SD
46119,46,119,Sully,SD
46121,46,121,Todd,SD
46123,46,123,Tripp,SD
46125,46,125,Turner,SD
46127,46,127,Union,SD
46129,46,129,Walworth,SD
46135,46,135,Yankton,SD
46137,46,137,Ziebach,SD
47001,47,001,Anderson,TN
47003,47,003,Bedford,TN
47005,47,005,Benton,TN
47007,47,007,Bledsoe,TN
47009,47,009,Blount,TN
47011,47,011,Bradley,TN
47013,47,013,Campbell,TN
47015,47,015,Cannon,TN
47017,47,017,Carroll,TN
47019,47,019,Carter,TN
47021,47,021,Cheatham,TN
47023,47,023,Chester,TN
47025,47,025,Claiborne,TN
47027,47,027,Clay,TN
47029,47,029,Cocke,TN
47031,47,031,Coffee,TN
47033,47,033,Crockett,TN
47035,47,035,Cumberland,TN
47037,47,037,Davidson,TN
47039,47,039,Decatur,TN
47041,47,041,De Kalb,TN
47043,47,043,Dickson,TN
47045,47,045,Dyer,TN
47047,47,047,Fayette,TN
47049,47,049,Fentress,TN
47051,47,051,Franklin,TN
47053,47,053,Gibson,TN
47055,47,055,Giles,TN
47057,47,057,Grainger,TN
47059,47,059,Greene,TN
47061,47,061,Grundy,TN
47063,47,063,Hamblen,TN
47065,47,065,Hamilton,TN
47067,47,067,Hancock,TN
47069,47,069,Hardeman,TN
47071,47,071,Hardin,TN
47073,47,073,Hawkins,TN
47075,47,075,Haywood,TN
47077,47,077,Henderson,TN
47079,47,079,Henry,TN
47081,47,081,Hickman,TN
47083,47,083,Houston,TN
47085,47,085,Humphreys,TN
47087,47,087,Jackson,TN
47089,47,089,Jefferson,TN
47091,47,091,Johnson,TN
47093,47,093,Knox,TN
47095,47,095,Lake,TN
47097,47,097,Lauderdale,TN
47099,47,099,Lawrence,TN
47101,47,101,Lewis,TN
47103,47,103,Lincoln,TN
47105,47,105,Loudon,TN
47107,47,107,McMinn,TN
47109,47,109,McNairy,TN
47111,47,111,Macon,TN
47113,47,113,Madison,TN
47115,47,115,Marion,TN
47117,47,117,Marshall,TN
47119,47,119,Maury,TN
47121,47,121,Meigs,TN
47123,47,123,Monroe,TN
47125,47,125,Montgomery,TN
47127,47,127,Moore,TN
47129,47,129,Morgan,TN
47131,47,131,Obion,TN
47133,47,133,Overton,TN
47135,47,135,Perry,TN
47137,47,137,Pickett,TN
47139,47,139,Polk,TN
47141,47,141,Putnam,TN
47143,47,143,Rhea,TN
47145,47,145,Roane,TN
47147,47,147,Robertson,TN
47149,47,149,Rutherford,TN
47151,47,151,Scott,TN
47153,47,153,Sequatchie,TN
47155,47,155,Sevier,TN
47157,47,157,Shelby,TN
47159,47,159,Smith,TN
47161,47,161,Stewart,TN
47163,47,163,Sullivan,TN
47165,47,165,Sumner,TN
47167,47,167,Tipton,TN
47169,47,169,Trousdale,TN
47171,47,171,Unicoi,TN
47173,47,173,Union,TN
47175,47,175,Van Buren,TN
47177,47,177,Warren,TN
47179,47,179,Washington,TN
47181,47,181,Wayne,TN
47183,47,183,Weakley,TN
47185,47,185,White,TN
47187,47,187,Williamson,TN
47189,47,189,Wilson,TN
48001,48,001,Anderson,TX
48003,48,003,Andrews,TX
48005,48,005,Angelina,TX
48007,48,007,Aransas,TX
48009,48,009,Archer,TX
48011,48,011,Armstrong,TX
48013,48,013,Atascosa,TX
48015,48,015,Austin,TX
48017,48,017,Bailey,TX
48019,48,019,Bandera,TX
48021,48,021,Bastrop,TX
48023,48,023,Baylor,TX
48025,48,025,Bee,TX
48027,48,027,Bell,TX
48029,48,029,Bexar,TX
48031,48,031,Blanco,TX
48033,48,033,Borden,TX
48035,48,035,Bosque,TX
48037,48,037,Bowie,TX
48039,48,039,Brazoria,TX
48041,48,041,Brazos,TX
48043,48,043,Brewster,TX
48045,48,045,Briscoe,TX
48047,48,047,Brooks,TX
48049,48,049,Brown,TX
48051,48,051,Burleson,TX
48053,48,053,Burnet,TX
48055,48,055,Caldwell,TX
48057,48,057,Calhoun,TX
48059,48,059,Callahan,TX
48061,48,061,Cameron,TX
48063,48,063,Camp,TX
48065,48,065,Carson,TX
48067,48,067,Cass,TX
48069,48,069,Castro,TX
48071,48,071,Chambers,TX
48073,48,073,Cherokee,TX
48075,48,075,Childress,TX
48077,48,077,Clay,TX
48079,48,079,Cochran,TX
48081,48,081,Coke,TX
48083,48,083,Coleman,TX
48085,48,085,Collin,TX
48087,48,087,Collingsworth,TX
48089,48,089,Colorado,TX
48091,48,091,Comal,TX
48093,48,093,Comanche,TX
48095,48,095,Concho,TX
48097,48,097,Cooke,TX
48099,48,099,Coryell,TX
48101,48,101,Cottle,TX
48103,48,103,Crane,TX
48105,48,105,Crockett,TX
48107,48,107,Crosby,TX
48109,48,109,Culberson,TX
48111,48,111,Dallam,TX
48113,48,113,Dallas,TX
48115,48,115,Dawson,TX
48117,48,117,Deaf Smith,TX
48119,48,119,Delta,TX
48121,48,121,Denton,TX
48123,48,123,De Witt,TX
48125,48,125,Dickens,TX
48127,48,127,Dimmit,TX
48129,48,129,Donley,TX
48131,48,131,Duval,TX
48133,48,133,Eastland,TX
48135,48,135,Ector,TX
48137,48,137,Edwards,TX
48139,48,139,Ellis,TX
48141,48,141,El Paso,TX
48143,48,143,Erath,TX
48145,48,145,Falls,TX
48147,48,147,Fannin,TX
48149,48,149,Fayette,TX
48151,48,151,Fisher,TX
48153,48,153,Floyd,TX
48155,48,155,Foard,TX
48157,48,157,Fort Bend,TX
48159,48,159,Franklin,TX
48161,48,161,Freestone,TX
48163,48,163,Frio,TX
48165,48,165,Gaines,TX
48167,48,167,Galveston,TX
48169,48,169,Garza,TX
48171,48,171,Gillespie,TX
48173,48,173,Glasscock,TX
48175,48,175,Goliad,TX
48177,48,177,Gonzales,TX
48179,48,179,Gray,TX
48181,48,181,Grayson,TX
48183,48,183,Gregg,TX
48185,48,185,Grimes,TX
48187,48,187,Guadalupe,TX
48189,48,189,Hale,TX
48191,48,191,Hall,TX
48193,48,193,Hamilton,TX
48195,48,195,Hansford,TX
48197,48,197,Hardeman,TX
48199,48,199,Hardin,TX
48201,48,201,Harris,TX
48203,48,203,Harrison,TX
48205,48,205,Hartley,TX
48207,48,207,Haskell,TX
48209,48,209,Hays,TX
48211,48,211,Hemphill,TX
48213,48,213,Henderson,TX
48215,48,215,Hidalgo,TX
48217,48,217,Hill,TX
48219,48,219,Hockley,TX
48221,48,221,Hood,TX
48223,48,223,Hopkins,TX
48225,48,225,Houston,TX
48227,48,227,Howard,TX
48229,48,229,Hudspeth,TX
48231,48,231,Hunt,TX
48233,48,233,Hutchinson,TX
48235,48,235,Irion,TX
48237,48,237,Jack,TX
48239,48,239,Jackson,TX
48241,48,241,Jasper,TX
48243,48,243,Jeff Davis,TX
48245,48,245,Jefferson,TX
48247,48,247,Jim Hogg,TX
48249,48,249,Jim Wells,TX
48251,48,251,Johnson,TX
48253,48,253,Jones,TX
48255,48,255,Karnes,TX
48257,48,257,Kaufman,TX
48259,48,259,Kendall,TX
48261,48,261,Kenedy,TX
48263,48,263,Kent,TX
48265,48,265,Kerr,TX
48267,48,267,Kimble,TX
48269,48,269,King,TX
48271,48,271,Kinney,TX
48273,48,273,Kleberg,TX
48275,48,275,Knox,TX
48277,48,277,Lamar,TX
48279,48,279,Lamb,TX
48281,48,281,Lampasas,TX
48283,48,283,La Salle,TX
48285,48,285,Lavaca,TX
48287,48,287,Lee,TX
48289,48,289,Leon,TX
48291,48,291,Liberty,TX
48293,48,293,Limestone,TX
48295,48,295,Lipscomb,TX
48297,48,297,Live Oak,TX
48299,48,299,Llano,TX
48301,48,301,Loving,TX
48303,48,303,Lubbock,TX
48305,48,305,Lynn,TX
48307,48,307,McCulloch,TX
48309,48,309,McLennan,TX
48311,48,311,McMullen,TX
48313,48,313,Madison,TX
48315,48,315,Marion,TX
48317,48,317,Martin,TX
48319,48,319,Mason,TX
48321,48,321,Matagorda,TX
48323,48,323,Maverick,TX
48325,48,325,Medina,TX
48327,48,327,Menard,TX
48329,48,329,Midland,TX
48331,48,331,Milam,TX
48333,48,333,Mills,TX
48335,48,335,Mitchell,TX
48337,48,337,Montague,TX
48339,48,339,Montgomery,TX
48341,48,341,Moore,TX
48343,48,343,Morris,TX
48345,48,345,Motley,TX
48347,48,347,Nacogdoches,TX
48349,48,349,Navarro,TX
48351,48,351,Newton,TX
48353,48,353,Nolan,TX
48355,48,355,Nueces,TX
48357,48,357,Ochiltree,TX
48359,48,359,Oldham,TX
48361,48,361,Orange,TX
48363,48,363,Palo Pinto,TX
48365,48,365,Panola,TX
48367,48,367,Parker,TX
48369,48,369,Parmer,TX
48371,48,371,Pecos,TX
48373,48,373,Polk,TX
48375,48,375,Potter,TX
48377,48,377,Presidio,TX
48379,48,379,Rains,TX
48381,48,381,Randall,TX
48383,48,383,Reagan,TX
48385,48,385,Real,TX
48387,48,387,Red River,TX
48389,48,389,Reeves,TX
48391,48,391,Refugio,TX
48393,48,393,Roberts,TX
48395,48,395,Robertson,TX
48397,48,397,Rockwall,TX
48399,48,399,Runnels,TX
48401,48,401,Rusk,TX
48403,48,403,Sabine,TX
48405,48,405,San Augustine,TX
48407,48,407,San Jacinto,TX
48409,48,409,San Patricio,TX
48411,48,411,San Saba,TX
48413,48,413,Schleicher,TX
48415,48,415,Scurry,TX
48417,48,417,Shackelford,TX
48419,48,419,Shelby,TX
48421,48,421,Sherman,TX
48423,48,423,Smith,TX
48425,48,425,Somervell,TX
48427,48,427,Starr,TX
48429,48,429,Stephens,TX
48431,48,431,Sterling,TX
48433,48,433,Stonewall,TX
48435,48,435,Sutton,TX
48437,48,437,Swisher,TX
48439,48,439,Tarrant,TX
48441,48,441,Taylor,TX
48443,48,443,Terrell,TX
48445,48,445,Terry,TX
48447,48,447,Throckmorton,TX
48449,48,449,Titus,TX
48451,48,451,Tom Green,TX
48453,48,453,Travis,TX
48455,48,455,Trinity,TX
48457,48,457,Tyler,TX
48459,48,459,Upshur,TX
48461,48,461,Upton,TX
48463,48,463,Uvalde,TX
48465,48,465,Val Verde,TX
48467,48,467,Van Zandt,TX
48469,48,469,Victoria,TX
48471,48,471,Walker,TX
48473,48,473,Waller,TX
48475,48,475,Ward,TX
48477,48,477,Washington,TX
48479,48,479,Webb,TX
48481,48,481,Wharton,TX
48483,48,483,Wheeler,TX
48485,48,485,Wichita,TX
48487,48,487,Wilbarger,TX
48489,48,489,Willacy,TX
48491,48,491,Williamson,TX
48493,48,493,Wilson,TX
48495,48,495,Winkler,TX
48497,48,497,Wise,TX
48499,48,499,Wood,TX
48501,48,501,Yoakum,TX
48503,48,503,Young,TX
48505,48,505,Zapata,TX
48507,48,507,Zavala,TX
49001,49,001,Beaver,UT
49003,49,003,Box Elder,UT
49005,49,005,Cache,UT
49007,49,007,Carbon,UT
49009,49,009,Daggett,UT
49011,49,011,Davis,UT
49013,49,013,Duchesne,UT
49015,49,015,Emery,UT
49017,49,017,Garfield,UT
49019,49,019,Grand,UT
49021,49,021,Iron,UT
49023,49,023,Juab,UT
49025,49,025,Kane,UT
49027,49,027,Millard,UT
49029,49,029,Morgan,UT
49031,49,031,Piute,UT
49033,49,033,Rich,UT
49035,49,035,Salt Lake,UT
49037,49,037,San Juan,UT
49039,49,039,Sanpete,UT
49041,49,041,Sevier,UT
49043,49,043,Summit,UT
49045,49,045,Tooele,UT
49047,49,047,Uintah,UT
49049,49,049,Utah,UT
49051,49,051,Wasatch,UT
49053,49,053,Washington,UT
49055,49,055,Wayne,UT
49057,49,057,Weber,UT
50001,50,001,Addison,VT
50003,50,003,Bennington,VT
50005,50,005,Caledonia,VT
50007,50,007,Chittenden,VT
50009,50,009,Essex,VT
50011,50,011,Franklin,VT
50013,50,013,Grand Isle,VT
50015,50,015,Lamoille,VT
50017,50,017,Orange,VT
50019,50,019,Orleans,VT
50021,50,021,Rutland,VT
50023,50,023,Washington,VT
50025,50,025,Windham,VT
50027,50,027,Windsor,VT
51001,51,001,Accomack,VA
51003,51,003,Albemarle,VA
51005,51,005,Alleghany,VA
51007,51,007,Amelia,VA
51009,51,009,Amherst,VA
51011,51,011,Appomattox,VA
51013,51,013,Arlington,VA
51015,51,015,Augusta,VA
51017,51,017,Bath,VA
51019,51,019,Bedford,VA
51021,51,021,Bland,VA
51023,51,023,Botetourt,VA
51025,51,025,Brunswick,VA
51027,51,027,Buchanan,VA
51029,51,029,Buckingham,VA
51031,51,031,Campbell,VA
51033,51,033,Caroline,VA
51035,51,035,Carroll,VA
51036,51,036,Charles City,VA
51037,51,037,Charlotte,VA
51041,51,041,Chesterfield,VA
51043,51,043,Clarke,VA
51045,51,045,Craig,VA
51047,51,047,Culpeper,VA
51049,51,049,Cumberland,VA
51051,51,051,Dickenson,VA
51053,51,053,Dinwiddie,VA
51057,51,057,Essex,VA
51059,51,059,Fairfax,VA
51061,51,061,Fauquier,VA
51063,51,063,Floyd,VA
51065,51,065,Fluvanna,VA
51067,51,067,Franklin,VA
51069,51,069,Frederick,VA
51071,51,071,Giles,VA
51073,51,073,Gloucester,VA
51075,51,075,Goochland,VA
51077,51,077,Grayson,VA
51079,51,079,Greene,VA
51081,51,081,Greensville,VA
51083,51,083,Halifax,VA
51085,51,085,Hanover,VA
51087,51,087,Henrico,VA
51089,51,089,Henry,VA
51091,51,091,Highland,VA
51093,51,093,Isle of Wight,VA
51095,51,095,James City,VA
51097,51,097,King and Queen,VA
51099,51,099,King George,VA
51101,51,101,King William,VA
51103,51,103,Lancaster,VA
51105,51,105,Lee,VA
51107,51,107,Loudoun,VA
51109,51,109,Louisa,VA
51111,51,111,Lunenburg,VA
51113,51,113,Madison,VA
51115,51,115,Mathews,VA
51117,51,117,Mecklenburg,VA
51119,51,119,Middlesex,VA
51121,51,121,Montgomery,VA
51125,51,125,Nelson,VA
51127,51,127,New Kent,VA
51131,51,131,Northampton,VA
51133,51,133,Northumberland,VA
51135,51,135,Nottoway,VA
51137,51,137,Orange,VA
51139,51,139,Page,VA
51141,51,141,Patrick,VA
51143,51,143,Pittsylvania,VA
51145,51,145,Powhatan,VA
51147,51,147,Prince Edward,VA
51149,51,149,Prince George,VA
51153,51,153,Prince William,VA
51155,51,155,Pulaski,VA
51157,51,157,Rappahannock,VA
51159,51,159,Richmond,VA
51161,51,161,Roanoke,VA
51163,51,163,Rockbridge,VA
51165,51,165,Rockingham,VA
51167,51,167,Russell,VA
51169,51,169,Scott,VA
51171,51,171,Shenandoah,VA
51173,51,173,Smyth,VA
51175,51,175,Southampton,VA
51177,51,177,Spotsylvania,VA
51179,51,179,Stafford,VA
51181,51,181,Surry,VA
51183,51,183,Sussex,VA
51185,51,185,Tazewell,VA
51187,51,187,Warren,VA
51191,51,191,Washington,VA
51193,51,193,Westmoreland,VA
51195,51,195,Wise,VA
51197,51,197,Wythe,VA
51199,51,199,York,VA
51510,51,510,Alexandria City,VA
51515,51,515,Bedford City,VA
51520,51,520,Bristol City,VA
51530,51,530,Buena Vista City,VA
51540,51,540,Charlottesville City,VA
51550,51,550,Chesapeake City,VA
51560,51,560,Clifton Forge City,VA
51570,51,570,Colonial Heights Cit,VA
51580,51,580,Covington City,VA
51590,51,590,Danville City,VA
51595,51,595,Emporia City,VA
51600,51,600,Fairfax City,VA
51610,51,610,Falls Church City,VA
51620,51,620,Franklin City,VA
51630,51,630,Fredericksburg City,VA
51640,51,640,Galax City,VA
51650,51,650,Hampton City,VA
51660,51,660,Harrisonburg City,VA
51670,51,670,Hopewell City,VA
51678,51,678,Lexington City,VA
51680,51,680,Lynchburg City,VA
51683,51,683,Manassas City,VA
51685,51,685,Manassas Park City,VA
51690,51,690,Martinsville City,VA
51700,51,700,Newport News City,VA
51710,51,710,Norfolk City,VA
51720,51,720,Norton City,VA
51730,51,730,Petersburg City,VA
51735,51,735,Poquoson City,VA
51740,51,740,Portsmouth City,VA
51750,51,750,Radford City,VA
51760,51,760,Richmond City,VA
51770,51,770,Roanoke City,VA
51775,51,775,Salem City,VA
51780,51,780,South Boston City,VA
51790,51,790,Staunton City,VA
51800,51,800,Suffolk City,VA
51810,51,810,Virginia Beach City,VA
51820,51,820,Waynesboro City,VA
51830,51,830,Williamsburg City,VA
51840,51,840,Winchester City,VA
53001,53,001,Adams,WA
53003,53,003,Asotin,WA
53005,53,005,Benton,WA
53007,53,007,Chelan,WA
53009,53,009,Clallam,WA
53011,53,011,Clark,WA
53013,53,013,Columbia,WA
53015,53,015,Cowlitz,WA
53017,53,017,Douglas,WA
53019,53,019,Ferry,WA
53021,53,021,Franklin,WA
53023,53,023,Garfield,WA
53025,53,025,Grant,WA
53027,53,027,Grays Harbor,WA
53029,53,029,Island,WA
53031,53,031,Jefferson,WA
53033,53,033,King,WA
53035,53,035,Kitsap,WA
53037,53,037,Kittitas,WA
53039,53,039,Klickitat,WA
53041,53,041,Lewis,WA
53043,53,043,Lincoln,WA
53045,53,045,Mason,WA
53047,53,047,Okanogan,WA
53049,53,049,Pacific,WA
53051,53,051,Pend Oreille,WA
53053,53,053,Pierce,WA
53055,53,055,San Juan,WA
53057,53,057,Skagit,WA
53059,53,059,Skamania,WA
53061,53,061,Snohomish,WA
53063,53,063,Spokane,WA
53065,53,065,Stevens,WA
53067,53,067,Thurston,WA
53069,53,069,Wahkiakum,WA
53071,53,071,Walla Walla,WA
53073,53,073,Whatcom,WA
53075,53,075,Whitman,WA
53077,53,077,Yakima,WA
54001,54,001,Barbour,WV
54003,54,003,Berkeley,WV
54005,54,005,Boone,WV
54007,54,007,Braxton,WV
54009,54,009,Brooke,WV
54011,54,011,Cabell,WV
54013,54,013,Calhoun,WV
54015,54,015,Clay,WV
54017,54,017,Doddridge,WV
54019,54,019,Fayette,WV
54021,54,021,Gilmer,WV
54023,54,023,Grant,WV
54025,54,025,Greenbrier,WV
54027,54,027,Hampshire,WV
54029,54,029,Hancock,WV
54031,54,031,Hardy,WV
54033,54,033,Harrison,WV
54035,54,035,Jackson,WV
54037,54,037,Jefferson,WV
54039,54,039,Kanawha,WV
54041,54,041,Lewis,WV
54043,54,043,Lincoln,WV
54045,54,045,Logan,WV
54047,54,047,McDowell,WV
54049,54,049,Marion,WV
54051,54,051,Marshall,WV
54053,54,053,Mason,WV
54055,54,055,Mercer,WV
54057,54,057,Mineral,WV
54059,54,059,Mingo,WV
54061,54,061,Monongalia,WV
54063,54,063,Monroe,WV
54065,54,065,Morgan,WV
54067,54,067,Nicholas,WV
54069,54,069,Ohio,WV
54071,54,071,Pendleton,WV
54073,54,073,Pleasants,WV
54075,54,075,Pocahontas,WV
54077,54,077,Preston,WV
54079,54,079,Putnam,WV
54081,54,081,Raleigh,WV
54083,54,083,Randolph,WV
54085,54,085,Ritchie,WV
54087,54,087,Roane,WV
54089,54,089,Summers,WV
54091,54,091,Taylor,WV
54093,54,093,Tucker,WV
54095,54,095,Tyler,WV
54097,54,097,Upshur,WV
54099,54,099,Wayne,WV
54101,54,101,Webster,WV
54103,54,103,Wetzel,WV
54105,54,105,Wirt,WV
54107,54,107,Wood,WV
54109,54,109,Wyoming,WV
55001,55,001,Adams,WI
55003,55,003,Ashland,WI
55005,55,005,Barron,WI
55007,55,007,Bayfield,WI
55009,55,009,Brown,WI
55011,55,011,Buffalo,WI
55013,55,013,Burnett,WI
55015,55,015,Calumet,WI
55017,55,017,Chippewa,WI
55019,55,019,Clark,WI
55021,55,021,Columbia,WI
55023,55,023,Crawford,WI
55025,55,025,Dane,WI
55027,55,027,Dodge,WI
55029,55,029,Door,WI
55031,55,031,Douglas,WI
55033,55,033,Dunn,WI
55035,55,035,Eau Claire,WI
55037,55,037,Florence,WI
55039,55,039,Fond du Lac,WI
55041,55,041,Forest,WI
55043,55,043,Grant,WI
55045,55,045,Green,WI
55047,55,047,Green Lake,WI
55049,55,049,Iowa,WI
55051,55,051,Iron,WI
55053,55,053,Jackson,WI
55055,55,055,Jefferson,WI
55057,55,057,Juneau,WI
55059,55,059,Kenosha,WI
55061,55,061,Kewaunee,WI
55063,55,063,La Crosse,WI
55065,55,065,Lafayette,WI
55067,55,067,Langlade,WI
55069,55,069,Lincoln,WI
55071,55,071,Manitowoc,WI
55073,55,073,Marathon,WI
55075,55,075,Marinette,WI
55077,55,077,Marquette,WI
55078,55,078,Menominee,WI
55079,55,079,Milwaukee,WI
55081,55,081,Monroe,WI
55083,55,083,Oconto,WI
55085,55,085,Oneida,WI
55087,55,087,Outagamie,WI
55089,55,089,Ozaukee,WI
55091,55,091,Pepin,WI
55093,55,093,Pierce,WI
55095,55,095,Polk,WI
55097,55,097,Portage,WI
55099,55,099,Price,WI
55101,55,101,Racine,WI
55103,55,103,Richland,WI
55105,55,105,Rock,WI
55107,55,107,Rusk,WI
55109,55,109,St Croix,WI
55111,55,111,Sauk,WI
55113,55,113,Sawyer,WI
55115,55,115,Shawano,WI
55117,55,117,Sheboygan,WI
55119,55,119,Taylor,WI
55121,55,121,Trempealeau,WI
55123,55,123,Vernon,WI
55125,55,125,Vilas,WI
55127,55,127,Walworth,WI
55129,55,129,Washburn,WI
55131,55,131,Washington,WI
55133,55,133,Waukesha,WI
55135,55,135,Waupaca,WI
55137,55,137,Waushara,WI
55139,55,139,Winnebago,WI
55141,55,141,Wood,WI
56001,56,001,Albany,WY
56003,56,003,Big Horn,WY
56005,56,005,Campbell,WY
56007,56,007,Carbon,WY
56009,56,009,Converse,WY
56011,56,011,Crook,WY
56013,56,013,Fremont,WY
56015,56,015,Goshen,WY
56017,56,017,Hot Springs,WY
56019,56,019,Johnson,WY
56021,56,021,Laramie,WY
56023,56,023,Lincoln,WY
56025,56,025,Natrona,WY
56027,56,027,Niobrara,WY
56029,56,029,Park,WY
56031,56,031,Platte,WY
56033,56,033,Sheridan,WY
56035,56,035,Sublette,WY
56037,56,037,Sweetwater,WY
56039,56,039,Teton,WY
56041,56,041,Uinta,WY
56043,56,043,Washakie,WY
56045,56,045,Weston,WY